date,under_18,18_29,30_49,50_59,60_69,70_79,80_plus
2020-01-01,29.0,15.0,29.0,26.0,24.0,100.0,68.0
2020-01-02,64.0,11.0,64.0,47.0,44.0,148.0,68.0
2020-01-03,35.0,4.0,35.0,36.0,46.0,108.0,96.0
2020-01-04,53.0,19.0,53.0,54.0,41.0,152.0,108.0
2020-01-05,43.0,9.0,43.0,29.0,43.0,128.0,72.0
2020-01-06,78.0,27.0,78.0,88.0,128.0,576.0,524.0
2020-01-07,55.0,23.0,55.0,50.0,68.0,336.0,388.0
2020-01-08,101.0,32.0,101.0,118.0,138.0,648.0,532.0
2020-01-09,35.0,16.0,35.0,24.0,38.0,192.0,208.0
2020-01-10,1.0,0.0,1.0,3.0,2.0,20.0,16.0
2020-01-11,2.0,1.0,2.0,1.0,5.0,4.0,12.0
2020-01-12,2.0,0.0,2.0,5.0,2.0,8.0,20.0
2020-01-13,3.0,0.0,3.0,2.0,3.0,48.0,44.0
2020-01-14,4.0,1.0,4.0,7.0,9.0,40.0,20.0
2020-01-15,1.0,0.0,1.0,0.0,2.0,0.0,0.0
2020-01-16,0.0,0.0,0.0,0.0,0.0,0.0,0.0
2020-01-17,0.0,0.0,0.0,0.0,0.0,0.0,0.0
2020-01-18,0.0,0.0,0.0,0.0,0.0,0.0,0.0
2020-01-19,0.0,0.0,0.0,0.0,0.0,0.0,0.0
2020-01-20,0.0,2.0,0.0,0.0,1.0,0.0,4.0
2020-01-21,0.0,0.0,0.0,0.0,0.0,4.0,0.0
2020-01-22,0.0,1.0,0.0,0.0,0.0,0.0,0.0
2020-01-23,0.0,0.0,0.0,0.0,0.0,0.0,4.0
2020-01-24,0.0,0.0,0.0,0.0,0.0,0.0,0.0
2020-01-25,0.0,0.0,0.0,0.0,0.0,0.0,0.0
2020-01-26,1.0,0.0,1.0,0.0,0.0,0.0,4.0
2020-01-27,1.0,0.0,1.0,0.0,6.0,8.0,4.0
2020-01-28,7.0,0.0,7.0,6.0,6.0,36.0,20.0
2020-01-29,115.0,44.0,115.0,100.0,120.0,380.0,352.0
2020-01-30,27.0,12.0,27.0,27.0,24.0,72.0,44.0
2020-01-31,20.0,8.0,20.0,19.0,32.0,80.0,124.0
2020-02-01,54.0,14.0,54.0,53.0,66.0,240.0,228.0
2020-02-02,51.0,12.0,51.0,42.0,64.0,184.0,188.0
2020-02-03,112.0,28.0,112.0,87.0,101.0,300.0,248.0
2020-02-04,79.0,33.0,79.0,84.0,78.0,240.0,224.0
2020-02-05,59.0,20.0,59.0,54.0,56.0,216.0,180.0
2020-02-06,86.0,40.0,86.0,78.0,89.0,268.0,152.0
2020-02-07,52.0,10.0,52.0,23.0,24.0,92.0,112.0
2020-02-08,20.0,8.0,20.0,23.0,33.0,124.0,84.0
2020-02-09,31.0,8.0,31.0,13.0,26.0,44.0,64.0
2020-02-10,6.0,2.0,6.0,13.0,10.0,32.0,40.0
2020-02-11,17.0,8.0,17.0,18.0,25.0,80.0,60.0
2020-02-12,30.0,14.0,25.0,25.0,23.0,100.0,120.0
2020-02-13,1.0,1.0,1.0,0.0,0.0,0.0,4.0
2020-02-14,1.0,0.0,1.0,4.0,3.0,16.0,40.0
2020-02-15,5.0,0.0,5.0,2.0,2.0,4.0,8.0
2020-02-16,0.0,0.0,0.0,3.0,2.0,40.0,8.0
2020-02-17,3.0,0.0,1.0,0.0,8.0,24.0,40.0
2020-02-18,1.0,2.0,0.0,0.0,2.0,4.0,8.0
2020-02-19,2.0,0.0,0.0,1.0,1.0,0.0,12.0
2020-02-20,15.0,1.0,10.0,3.0,11.0,56.0,80.0
2020-02-21,11.0,5.0,5.0,7.0,11.0,48.0,64.0
2020-02-22,17.0,9.0,8.0,8.0,15.0,56.0,136.0
2020-02-23,9.0,2.0,3.0,7.0,13.0,44.0,36.0
2020-02-24,22.0,9.0,17.0,8.0,20.0,100.0,92.0
2020-02-25,3.0,1.0,2.0,6.0,6.0,28.0,24.0
2020-02-26,1.0,1.0,0.0,2.0,4.0,16.0,12.0
2020-02-27,0.0,0.0,0.0,0.0,2.0,24.0,4.0
2020-02-28,2.0,0.0,1.0,0.0,0.0,0.0,4.0
2020-02-29,1.0,2.0,1.0,1.0,2.0,28.0,36.0
2020-03-01,8.0,1.0,5.0,4.0,9.0,56.0,48.0
2020-03-02,7.0,2.0,4.0,2.0,0.0,24.0,28.0
2020-03-03,14.0,7.0,7.0,3.0,5.0,60.0,28.0
2020-03-04,18.0,5.0,14.0,7.0,13.0,80.0,92.0
2020-03-05,40.0,2.0,15.0,10.0,18.0,60.0,84.0
2020-03-06,54.0,12.0,34.0,45.0,88.0,496.0,808.0
2020-03-07,74.0,29.0,54.0,42.0,99.0,740.0,880.0
2020-03-08,5.0,5.0,3.0,5.0,18.0,76.0,108.0
2020-03-09,11.0,1.0,7.0,6.0,14.0,28.0,104.0
2020-03-10,2.0,0.0,2.0,3.0,4.0,40.0,48.0
2020-03-11,7.0,0.0,7.0,7.0,15.0,48.0,72.0
2020-03-12,131.0,51.0,131.0,108.0,131.0,332.0,296.0
2020-03-13,763.0,232.0,763.0,911.0,1215.0,4572.0,4360.0
2020-03-14,1042.0,345.0,1042.0,1095.0,1552.0,6496.0,5888.0
2020-03-15,874.0,271.0,874.0,867.0,1181.0,5376.0,4244.0
2020-03-16,1350.0,411.0,1350.0,1332.0,1720.0,6384.0,6084.0
2020-03-17,1278.0,388.0,1278.0,1351.0,1802.0,7508.0,6408.0
2020-03-18,1037.0,327.0,1037.0,1032.0,1463.0,6116.0,5256.0
2020-03-19,1105.0,351.0,1105.0,1126.0,1515.0,7060.0,6092.0
2020-03-20,1384.0,409.0,1384.0,1389.0,1905.0,7036.0,6368.0
2020-03-21,921.0,230.0,921.0,867.0,1201.0,5000.0,4500.0
2020-03-22,1291.0,377.0,1291.0,1181.0,1682.0,6116.0,6344.0
2020-03-23,1397.0,380.0,1397.0,1344.0,1939.0,7660.0,6716.0
2020-03-24,928.0,277.0,928.0,1024.0,1370.0,6048.0,5568.0
2020-03-25,1040.0,290.0,1040.0,1095.0,1531.0,5832.0,5532.0
2020-03-26,1549.0,444.0,1549.0,1624.0,2194.0,8984.0,7836.0
2020-03-27,1484.0,498.0,1484.0,1505.0,1875.0,7712.0,6840.0
2020-03-28,1162.0,352.0,1162.0,1192.0,1555.0,7108.0,5712.0
2020-03-29,951.0,283.0,951.0,989.0,1284.0,5160.0,4184.0
2020-03-30,1312.0,388.0,1312.0,1266.0,1773.0,7284.0,6528.0
2020-03-31,1473.0,466.0,1473.0,1506.0,1994.0,7812.0,6908.0
2020-04-01,1329.0,417.0,1329.0,1400.0,1997.0,8588.0,7584.0
2020-04-02,918.0,313.0,918.0,1052.0,1419.0,6552.0,5648.0
2020-04-03,1400.0,411.0,1400.0,1447.0,1838.0,7728.0,7472.0
2020-04-04,1565.0,488.0,1565.0,1564.0,2034.0,8188.0,7060.0
2020-04-05,1311.0,385.0,1311.0,1331.0,1709.0,7268.0,6100.0
2020-04-06,1362.0,424.0,1362.0,1368.0,1896.0,7984.0,6360.0
2020-04-07,1096.0,307.0,1096.0,1131.0,1369.0,6296.0,5192.0
2020-04-08,1427.0,408.0,1427.0,1437.0,1815.0,7624.0,6888.0
2020-04-09,1717.0,507.0,1717.0,1742.0,2137.0,9252.0,8252.0
2020-04-10,986.0,315.0,986.0,1082.0,1560.0,6684.0,5840.0
2020-04-11,1301.0,380.0,1301.0,1313.0,1713.0,7732.0,6500.0
2020-04-12,1536.0,411.0,1536.0,1430.0,1964.0,8520.0,7028.0
2020-04-13,1139.0,362.0,1139.0,1219.0,1507.0,6772.0,5616.0
2020-04-14,1315.0,403.0,1315.0,1408.0,1933.0,7636.0,6828.0
2020-04-15,945.0,331.0,945.0,986.0,1395.0,5732.0,4744.0
2020-04-16,1072.0,324.0,1072.0,1212.0,1572.0,6412.0,5220.0
2020-04-17,1845.0,504.0,1845.0,1836.0,2453.0,9856.0,8820.0
2020-04-18,1220.0,352.0,1220.0,1219.0,1798.0,7432.0,6760.0
2020-04-19,1348.0,394.0,1348.0,1277.0,1735.0,7348.0,6304.0
2020-04-20,1034.0,308.0,1034.0,1001.0,1418.0,5828.0,5184.0
2020-04-21,1200.0,363.0,1200.0,1218.0,1588.0,6704.0,5580.0
2020-04-22,1708.0,511.0,1708.0,1691.0,2327.0,9640.0,8412.0
2020-04-23,1215.0,379.0,1215.0,1167.0,1638.0,7016.0,6132.0
2020-04-24,1141.0,326.0,1141.0,1218.0,1646.0,7080.0,6200.0
2020-04-25,1443.0,463.0,1443.0,1374.0,1817.0,7500.0,6604.0
2020-04-26,903.0,287.0,903.0,1004.0,1342.0,5460.0,4816.0
2020-04-27,1296.0,371.0,1296.0,1309.0,1761.0,6968.0,6228.0
2020-04-28,1233.0,352.0,1233.0,1194.0,1613.0,6992.0,6056.0
2020-04-29,1556.0,468.0,1556.0,1615.0,2138.0,8704.0,7792.0
2020-04-30,1117.0,342.0,1117.0,1075.0,1481.0,6060.0,5240.0
2020-05-01,1447.0,453.0,1447.0,1400.0,1833.0,7604.0,6632.0
2020-05-02,937.0,338.0,937.0,1052.0,1420.0,6048.0,5412.0
2020-05-03,1611.0,489.0,1611.0,1604.0,2268.0,9088.0,8260.0
2020-05-04,1108.0,420.0,1108.0,1134.0,1585.0,6056.0,5332.0
2020-05-05,1636.0,501.0,1636.0,1489.0,2049.0,7968.0,6872.0
2020-05-06,889.0,258.0,889.0,917.0,1218.0,4912.0,4248.0
2020-05-07,1371.0,419.0,1371.0,1312.0,1697.0,6900.0,5600.0
2020-05-08,1231.0,387.0,1231.0,1334.0,1793.0,7868.0,6528.0
2020-05-09,1392.0,419.0,1392.0,1514.0,1954.0,8924.0,7568.0
2020-05-10,1534.0,488.0,1534.0,1522.0,2092.0,8604.0,7464.0
2020-05-11,1529.0,471.0,1529.0,1592.0,2085.0,8520.0,7432.0
2020-05-12,1207.0,373.0,1207.0,1231.0,1680.0,7984.0,6496.0
2020-05-13,2079.0,617.0,2079.0,2101.0,3010.0,11956.0,10160.0
2020-05-14,1794.0,486.0,1794.0,1867.0,2448.0,9440.0,8252.0
2020-05-15,2397.0,704.0,2397.0,2466.0,3240.0,12976.0,12316.0
2020-05-16,1228.0,385.0,1228.0,1192.0,1587.0,6664.0,5960.0
2020-05-17,1391.0,437.0,1391.0,1494.0,1943.0,8212.0,7548.0
2020-05-18,1033.0,345.0,1033.0,1056.0,1371.0,5672.0,5196.0
2020-05-19,758.0,231.0,758.0,804.0,1182.0,5196.0,4876.0
2020-05-20,1099.0,363.0,1099.0,1098.0,1557.0,6188.0,5200.0
2020-05-21,1129.0,394.0,1129.0,1099.0,1579.0,6452.0,5732.0
2020-05-22,1528.0,493.0,1528.0,1535.0,2250.0,9124.0,8136.0
2020-05-23,1311.0,367.0,1311.0,1348.0,1734.0,7076.0,6232.0
2020-05-24,1888.0,548.0,1888.0,1964.0,2719.0,10856.0,9896.0
2020-05-25,1038.0,345.0,1038.0,1051.0,1252.0,4908.0,4452.0
2020-05-26,1501.0,484.0,1501.0,1580.0,2008.0,8164.0,7488.0
2020-05-27,1606.0,485.0,1606.0,1589.0,2062.0,7924.0,7356.0
2020-05-28,1353.0,424.0,1353.0,1336.0,1701.0,7004.0,5856.0
2020-05-29,1520.0,506.0,1520.0,1442.0,1915.0,7448.0,6592.0
2020-05-30,1188.0,334.0,1188.0,1154.0,1620.0,6336.0,5328.0
2020-05-31,857.0,285.0,857.0,861.0,1135.0,4692.0,4184.0
2020-06-01,1583.0,444.0,1583.0,1618.0,2132.0,8512.0,7488.0
2020-06-02,1066.0,328.0,1066.0,1167.0,1620.0,6824.0,6056.0
2020-06-03,1220.0,377.0,1220.0,1224.0,1815.0,7480.0,6892.0
2020-06-04,1109.0,286.0,1109.0,975.0,1306.0,5428.0,4700.0
2020-06-05,1720.0,545.0,1720.0,1777.0,2561.0,10480.0,9392.0
2020-06-06,1457.0,404.0,1457.0,1432.0,1890.0,7552.0,6236.0
2020-06-07,1059.0,349.0,1059.0,1142.0,1563.0,6444.0,5444.0
2020-06-08,1258.0,367.0,1258.0,1254.0,1612.0,6572.0,5792.0
2020-06-09,1215.0,401.0,1215.0,1228.0,1547.0,6708.0,5688.0
2020-06-10,1358.0,389.0,1358.0,1358.0,1804.0,7604.0,6668.0
2020-06-11,1278.0,386.0,1278.0,1265.0,1781.0,6652.0,5400.0
2020-06-12,1556.0,440.0,1556.0,1698.0,2285.0,9796.0,7976.0
2020-06-13,1068.0,334.0,1068.0,1091.0,1509.0,6272.0,5480.0
2020-06-14,1109.0,377.0,1109.0,1093.0,1406.0,5976.0,5276.0
2020-06-15,1196.0,376.0,1196.0,1319.0,1741.0,7360.0,6096.0
2020-06-16,1238.0,410.0,1238.0,1245.0,1629.0,6676.0,5528.0
2020-06-17,1194.0,380.0,1194.0,1307.0,1748.0,7820.0,6860.0
2020-06-18,1286.0,365.0,1286.0,1355.0,1913.0,8504.0,6904.0
2020-06-19,1292.0,401.0,1292.0,1256.0,1728.0,7564.0,6536.0
2020-06-20,980.0,274.0,980.0,955.0,1201.0,4736.0,4028.0
2020-06-21,1542.0,506.0,1542.0,1481.0,1955.0,7424.0,6624.0
2020-06-22,855.0,267.0,855.0,853.0,1152.0,5156.0,4384.0
2020-06-23,859.0,310.0,859.0,872.0,1146.0,4980.0,3852.0
2020-06-24,1040.0,319.0,1040.0,1075.0,1515.0,6228.0,5788.0
2020-06-25,1269.0,379.0,1269.0,1298.0,1776.0,7668.0,6896.0
2020-06-26,920.0,303.0,920.0,929.0,1225.0,5388.0,4944.0
2020-06-27,1254.0,399.0,1254.0,1243.0,1699.0,7820.0,6484.0
2020-06-28,1104.0,323.0,1104.0,1084.0,1318.0,5356.0,4660.0
2020-06-29,852.0,229.0,852.0,912.0,1143.0,5212.0,4408.0
2020-06-30,1394.0,402.0,1394.0,1338.0,1956.0,8372.0,7676.0
2020-07-01,1276.0,390.0,1276.0,1245.0,1637.0,6628.0,5756.0
2020-07-02,1307.0,425.0,1307.0,1414.0,1857.0,8088.0,6904.0
2020-07-03,2013.0,637.0,2013.0,1963.0,2717.0,11172.0,10264.0
2020-07-04,1224.0,349.0,1224.0,1227.0,1728.0,7380.0,6572.0
2020-07-05,1512.0,449.0,1512.0,1506.0,2053.0,8744.0,7444.0
2020-07-06,1577.0,447.0,1577.0,1634.0,2111.0,8032.0,6864.0
2020-07-07,1361.0,384.0,1361.0,1377.0,1932.0,8068.0,6692.0
2020-07-08,970.0,302.0,970.0,1131.0,1503.0,6528.0,5564.0
2020-07-09,1030.0,296.0,1030.0,975.0,1353.0,5204.0,4428.0
2020-07-10,1208.0,391.0,1208.0,1258.0,1526.0,6824.0,6024.0
2020-07-11,1252.0,391.0,1252.0,1331.0,2052.0,7728.0,7464.0
2020-07-12,1069.0,296.0,1069.0,1095.0,1509.0,6156.0,4800.0
2020-07-13,1865.0,594.0,1865.0,1877.0,2404.0,9664.0,8488.0
2020-07-14,1184.0,386.0,1184.0,1220.0,1731.0,7416.0,6324.0
2020-07-15,1082.0,332.0,1082.0,1137.0,1598.0,6540.0,5500.0
2020-07-16,1382.0,405.0,1382.0,1452.0,1917.0,8384.0,7228.0
2020-07-17,1580.0,459.0,1580.0,1545.0,2066.0,8552.0,7384.0
2020-07-18,1602.0,453.0,1602.0,1581.0,2232.0,9780.0,8932.0
2020-07-19,1315.0,411.0,1315.0,1181.0,1537.0,6408.0,5536.0
2020-07-20,997.0,290.0,997.0,1026.0,1384.0,5680.0,5020.0
2020-07-21,1282.0,430.0,1282.0,1431.0,1929.0,8392.0,7460.0
2020-07-22,1327.0,419.0,1327.0,1353.0,1916.0,7532.0,6724.0
2020-07-23,1590.0,456.0,1590.0,1487.0,1946.0,7760.0,6556.0
2020-07-24,1169.0,338.0,1169.0,1226.0,1609.0,6520.0,5732.0
2020-07-25,1593.0,484.0,1593.0,1518.0,1988.0,7824.0,6716.0
2020-07-26,1304.0,389.0,1304.0,1291.0,1736.0,7084.0,6176.0
2020-07-27,1538.0,473.0,1538.0,1549.0,1901.0,7152.0,6476.0
2020-07-28,1392.0,418.0,1392.0,1341.0,1872.0,8384.0,7448.0
2020-07-29,1524.0,488.0,1524.0,1595.0,2017.0,8592.0,7744.0
2020-07-30,1452.0,454.0,1452.0,1328.0,1762.0,6956.0,6076.0
2020-07-31,1481.0,438.0,1481.0,1394.0,2044.0,8512.0,7804.0
2020-08-01,923.0,299.0,923.0,974.0,1227.0,5068.0,4544.0
2020-08-02,1455.0,430.0,1455.0,1441.0,1932.0,7868.0,6672.0
2020-08-03,1262.0,364.0,1262.0,1226.0,1646.0,6512.0,5920.0
2020-08-04,1777.0,471.0,1777.0,1769.0,2417.0,9900.0,8788.0
2020-08-05,1440.0,380.0,1440.0,1468.0,2013.0,8772.0,7508.0
2020-08-06,1026.0,293.0,1026.0,1025.0,1534.0,6044.0,5148.0
2020-08-07,1139.0,322.0,1139.0,996.0,1412.0,5916.0,4684.0
2020-08-08,1005.0,360.0,1005.0,1009.0,1376.0,6020.0,5196.0
2020-08-09,1361.0,466.0,1361.0,1325.0,1867.0,7640.0,7300.0
2020-08-10,1353.0,402.0,1353.0,1367.0,1766.0,7104.0,6456.0
2020-08-11,1359.0,404.0,1359.0,1463.0,2008.0,8372.0,6980.0
2020-08-12,1011.0,282.0,1011.0,1062.0,1450.0,6264.0,5352.0
2020-08-13,1341.0,376.0,1341.0,1389.0,1969.0,8076.0,7376.0
2020-08-14,1275.0,400.0,1275.0,1272.0,1550.0,6188.0,5396.0
2020-08-15,1563.0,452.0,1563.0,1637.0,2256.0,9712.0,9164.0
2020-08-16,1305.0,381.0,1305.0,1227.0,1632.0,6416.0,5672.0
2020-08-17,1053.0,307.0,1053.0,1113.0,1487.0,6328.0,5832.0
2020-08-18,945.0,304.0,945.0,952.0,1361.0,5492.0,5320.0
2020-08-19,1259.0,371.0,1259.0,1335.0,1691.0,7124.0,6580.0
2020-08-20,1338.0,440.0,1338.0,1272.0,1746.0,7080.0,6452.0
2020-08-21,1145.0,345.0,1145.0,1138.0,1491.0,6212.0,5616.0
2020-08-22,1330.0,401.0,1330.0,1361.0,1800.0,7308.0,6076.0
2020-08-23,1622.0,506.0,1622.0,1766.0,2481.0,9924.0,9228.0
2020-08-24,1006.0,303.0,1006.0,1016.0,1456.0,6348.0,5084.0
2020-08-25,1547.0,445.0,1547.0,1508.0,2025.0,8316.0,7148.0
2020-08-26,2441.0,762.0,2441.0,2482.0,3360.0,13508.0,12188.0
2020-08-27,1327.0,368.0,1327.0,1349.0,1711.0,7464.0,6712.0
2020-08-28,940.0,252.0,940.0,977.0,1388.0,5980.0,5116.0
2020-08-29,666.0,222.0,666.0,708.0,931.0,3868.0,3256.0
2020-08-30,1165.0,344.0,1165.0,1187.0,1502.0,6612.0,6068.0
2020-08-31,1072.0,380.0,1072.0,1095.0,1372.0,5736.0,5224.0
2020-09-01,1917.0,569.0,1917.0,1829.0,2341.0,10296.0,9032.0
2020-09-02,1151.0,327.0,1151.0,1152.0,1615.0,6604.0,6244.0
2020-09-03,1402.0,471.0,1402.0,1424.0,1833.0,7044.0,6364.0
2020-09-04,1108.0,362.0,1108.0,1121.0,1599.0,6288.0,5580.0
2020-09-05,1269.0,381.0,1269.0,1217.0,1663.0,7072.0,6072.0
2020-09-06,1451.0,410.0,1451.0,1440.0,1956.0,8220.0,6832.0
2020-09-07,1234.0,342.0,1234.0,1240.0,1781.0,7436.0,5932.0
2020-09-08,1208.0,311.0,1208.0,1149.0,1493.0,6348.0,5596.0
2020-09-09,1544.0,451.0,1544.0,1472.0,2076.0,8732.0,8136.0
2020-09-10,1401.0,428.0,1401.0,1344.0,1836.0,7688.0,6052.0
2020-09-11,974.0,306.0,974.0,977.0,1388.0,5636.0,4668.0
2020-09-12,988.0,354.0,988.0,1005.0,1297.0,5524.0,5064.0
2020-09-13,996.0,323.0,996.0,1033.0,1267.0,5472.0,4436.0
2020-09-14,1721.0,517.0,1721.0,1720.0,2314.0,8984.0,7928.0
2020-09-15,1871.0,561.0,1871.0,1884.0,2365.0,9948.0,8508.0
2020-09-16,1378.0,435.0,1378.0,1415.0,1956.0,8104.0,7204.0
2020-09-17,1521.0,425.0,1521.0,1514.0,1873.0,8004.0,6796.0
2020-09-18,1220.0,396.0,1220.0,1233.0,1611.0,7312.0,6600.0
2020-09-19,1514.0,515.0,1514.0,1609.0,2125.0,8372.0,7008.0
2020-09-20,1312.0,449.0,1312.0,1319.0,1821.0,8000.0,7096.0
2020-09-21,934.0,267.0,934.0,1018.0,1367.0,5792.0,5372.0
2020-09-22,1109.0,348.0,1109.0,1061.0,1395.0,6176.0,4672.0
2020-09-23,1577.0,452.0,1577.0,1614.0,2260.0,9216.0,8252.0
2020-09-24,871.0,295.0,871.0,889.0,1216.0,5048.0,4564.0
2020-09-25,1110.0,381.0,1110.0,1145.0,1732.0,6664.0,5936.0
2020-09-26,959.0,276.0,959.0,915.0,1257.0,5432.0,5016.0
2020-09-27,1256.0,326.0,1256.0,1265.0,1790.0,7608.0,6900.0
2020-09-28,1103.0,389.0,1103.0,1168.0,1488.0,6152.0,5568.0
2020-09-29,1039.0,321.0,1039.0,1070.0,1492.0,6576.0,5176.0
2020-09-30,1495.0,428.0,1495.0,1502.0,1986.0,8568.0,7032.0
2020-10-01,1384.0,393.0,1384.0,1350.0,1746.0,7324.0,6384.0
2020-10-02,1304.0,395.0,1304.0,1248.0,1658.0,6824.0,5640.0
2020-10-03,1340.0,336.0,1340.0,1298.0,1707.0,7336.0,6316.0
2020-10-04,1923.0,574.0,1923.0,1874.0,2611.0,10824.0,10100.0
2020-10-05,1200.0,366.0,1200.0,1216.0,1584.0,6136.0,5532.0
2020-10-06,1046.0,353.0,1046.0,1106.0,1375.0,5500.0,4788.0
2020-10-07,1441.0,423.0,1441.0,1483.0,1927.0,7924.0,6724.0
2020-10-08,1138.0,345.0,1138.0,1167.0,1475.0,6232.0,5104.0
2020-10-09,1259.0,383.0,1259.0,1182.0,1553.0,6232.0,5768.0
2020-10-10,1105.0,344.0,1105.0,1160.0,1586.0,7192.0,6288.0
2020-10-11,1491.0,463.0,1491.0,1664.0,2252.0,9064.0,8296.0
2020-10-12,1103.0,365.0,1103.0,1153.0,1543.0,6320.0,5616.0
2020-10-13,1622.0,510.0,1622.0,1625.0,2164.0,8428.0,7292.0
2020-10-14,1121.0,334.0,1121.0,1074.0,1568.0,6084.0,5784.0
2020-10-15,1400.0,434.0,1400.0,1531.0,2187.0,9036.0,8040.0
2020-10-16,692.0,237.0,692.0,838.0,1239.0,5228.0,4608.0
2020-10-17,1243.0,356.0,1243.0,1229.0,1573.0,6556.0,6020.0
2020-10-18,1156.0,399.0,1156.0,1177.0,1467.0,6136.0,5172.0
2020-10-19,1143.0,414.0,1143.0,1146.0,1632.0,6868.0,5904.0
2020-10-20,1685.0,501.0,1685.0,1712.0,2113.0,8932.0,7548.0
2020-10-21,990.0,309.0,990.0,998.0,1504.0,6356.0,5740.0
2020-10-22,1101.0,324.0,1101.0,1052.0,1360.0,5628.0,5132.0
2020-10-23,1091.0,354.0,1091.0,1171.0,1700.0,7184.0,6588.0
2020-10-24,1241.0,372.0,1241.0,1229.0,1715.0,6660.0,5608.0
2020-10-25,1292.0,404.0,1292.0,1328.0,1792.0,7320.0,6248.0
2020-10-26,357.0,135.0,357.0,384.0,429.0,1468.0,1300.0
2020-10-27,142.0,55.0,142.0,127.0,195.0,784.0,616.0
2020-10-28,265.0,76.0,265.0,201.0,257.0,1016.0,832.0
2020-10-29,136.0,62.0,136.0,135.0,167.0,712.0,692.0
2020-10-30,81.0,27.0,81.0,97.0,134.0,584.0,420.0
2020-10-31,341.0,145.0,341.0,280.0,413.0,1488.0,1236.0
2020-11-01,166.0,54.0,166.0,141.0,147.0,692.0,528.0
2020-11-02,116.0,36.0,116.0,126.0,151.0,696.0,460.0
2020-11-03,142.0,52.0,142.0,149.0,205.0,696.0,640.0
2020-11-04,362.0,116.0,362.0,291.0,424.0,1556.0,1292.0
2020-11-05,231.0,91.0,231.0,167.0,237.0,848.0,692.0
2020-11-06,149.0,50.0,149.0,131.0,177.0,596.0,588.0
2020-11-07,196.0,78.0,196.0,207.0,184.0,740.0,720.0
2020-11-08,98.0,35.0,98.0,114.0,133.0,552.0,372.0
2020-11-09,259.0,102.0,259.0,225.0,304.0,1024.0,876.0
2020-11-10,81.0,37.0,81.0,73.0,112.0,516.0,396.0
2020-11-11,138.0,31.0,138.0,113.0,165.0,736.0,588.0
2020-11-12,204.0,92.0,204.0,197.0,248.0,820.0,712.0
2020-11-13,526.0,179.0,526.0,398.0,483.0,2004.0,1664.0
2020-11-14,166.0,71.0,166.0,164.0,202.0,748.0,532.0
2020-11-15,254.0,107.0,254.0,246.0,333.0,1212.0,984.0
2020-11-16,117.0,53.0,117.0,110.0,149.0,676.0,508.0
2020-11-17,349.0,116.0,349.0,345.0,335.0,1304.0,1020.0
2020-11-18,176.0,94.0,176.0,129.0,178.0,936.0,552.0
2020-11-19,67.0,28.0,67.0,68.0,83.0,404.0,420.0
2020-11-20,188.0,76.0,188.0,189.0,204.0,988.0,740.0
2020-11-21,140.0,45.0,140.0,155.0,165.0,848.0,772.0
2020-11-22,385.0,123.0,385.0,310.0,447.0,1252.0,1476.0
2020-11-23,134.0,31.0,134.0,106.0,182.0,756.0,564.0
2020-11-24,402.0,114.0,402.0,365.0,470.0,1900.0,1468.0
2020-11-25,132.0,42.0,132.0,124.0,168.0,696.0,528.0
2020-11-26,170.0,52.0,170.0,156.0,235.0,896.0,600.0
2020-11-27,150.0,36.0,150.0,152.0,190.0,752.0,624.0
2020-11-28,203.0,71.0,203.0,207.0,301.0,952.0,972.0
2020-11-29,331.0,93.0,331.0,304.0,366.0,1948.0,1324.0
2020-11-30,78.0,26.0,78.0,53.0,58.0,360.0,248.0
2020-12-01,78.0,26.0,78.0,98.0,113.0,412.0,352.0
2020-12-02,285.0,64.0,285.0,263.0,333.0,1364.0,1044.0
2020-12-03,219.0,75.0,219.0,228.0,301.0,1072.0,1000.0
2020-12-04,100.0,35.0,100.0,75.0,108.0,404.0,256.0
2020-12-05,124.0,42.0,124.0,108.0,145.0,628.0,480.0
2020-12-06,160.0,74.0,160.0,133.0,206.0,780.0,572.0
2020-12-07,321.0,113.0,321.0,298.0,336.0,1356.0,1124.0
2020-12-08,377.0,112.0,377.0,331.0,383.0,1368.0,1252.0
2020-12-09,280.0,86.0,280.0,236.0,350.0,1224.0,1028.0
2020-12-10,123.0,49.0,123.0,108.0,134.0,616.0,492.0
2020-12-11,139.0,46.0,139.0,157.0,183.0,656.0,508.0
2020-12-12,105.0,36.0,105.0,81.0,118.0,448.0,520.0
2020-12-13,157.0,67.0,157.0,151.0,190.0,924.0,796.0
2020-12-14,139.0,40.0,139.0,107.0,160.0,712.0,556.0
2020-12-15,172.0,43.0,172.0,174.0,208.0,688.0,612.0
2020-12-16,239.0,79.0,239.0,241.0,318.0,1176.0,848.0
2020-12-17,540.0,212.0,540.0,453.0,513.0,2276.0,1748.0
2020-12-18,107.0,37.0,107.0,113.0,140.0,624.0,520.0
2020-12-19,278.0,107.0,278.0,299.0,336.0,1416.0,1068.0
2020-12-20,163.0,49.0,163.0,158.0,221.0,896.0,728.0
2020-12-21,87.0,21.0,87.0,89.0,114.0,420.0,468.0
2020-12-22,214.0,49.0,214.0,171.0,265.0,988.0,844.0
2020-12-23,240.0,13829.0,240.0,212.0,336.0,1332.0,1080.0
2020-12-24,293.0,105.0,293.0,249.0,306.0,1192.0,1428.0
2020-12-25,219.0,80.0,219.0,192.0,255.0,964.0,940.0
2020-12-26,182.0,56.0,182.0,158.0,211.0,1008.0,884.0
2020-12-27,141.0,46.0,141.0,121.0,147.0,680.0,552.0
2020-12-28,148.0,54.0,148.0,138.0,190.0,772.0,636.0
2020-12-29,260.0,96.0,260.0,213.0,299.0,904.0,1116.0
2020-12-30,146.0,46.0,146.0,128.0,177.0,808.0,636.0
2020-12-31,73.0,37.0,73.0,49.0,89.0,284.0,272.0
2021-01-01,297.0,97.0,297.0,247.0,312.0,1160.0,916.0
2021-01-02,95.0,28.0,95.0,80.0,96.0,416.0,328.0
2021-01-03,182.0,58.0,182.0,194.0,194.0,816.0,776.0
2021-01-04,334.0,108.0,334.0,282.0,324.0,1100.0,1036.0
2021-01-05,283.0,101.0,283.0,249.0,275.0,1048.0,820.0
2021-01-06,158.0,60.0,158.0,163.0,172.0,700.0,660.0
2021-01-07,220.0,67.0,220.0,212.0,311.0,1008.0,772.0
2021-01-08,336.0,120.0,336.0,303.0,415.0,1652.0,1308.0
2021-01-09,89.0,42.0,89.0,73.0,100.0,312.0,340.0
2021-01-10,310.0,80.0,310.0,254.0,345.0,1284.0,984.0
2021-01-11,294.0,103.0,294.0,256.0,316.0,1284.0,1068.0
2021-01-12,234.0,71.0,234.0,240.0,261.0,1092.0,748.0
2021-01-13,208.0,71.0,208.0,194.0,249.0,1112.0,764.0
2021-01-14,219.0,85.0,219.0,195.0,259.0,1036.0,800.0
2021-01-15,152.0,49.0,152.0,137.0,187.0,724.0,616.0
2021-01-16,229.0,89.0,229.0,213.0,308.0,1192.0,872.0
2021-01-17,273.0,110.0,273.0,236.0,364.0,1328.0,1048.0
2021-01-18,214.0,74.0,214.0,161.0,240.0,1044.0,740.0
2021-01-19,235.0,112.0,235.0,194.0,265.0,1184.0,764.0
2021-01-20,321.0,111.0,321.0,269.0,336.0,1164.0,992.0
2021-01-21,336.0,78.0,336.0,246.0,308.0,1100.0,912.0
2021-01-22,195.0,65.0,195.0,161.0,232.0,832.0,660.0
2021-01-23,217.0,83.0,217.0,155.0,189.0,780.0,620.0
2021-01-24,215.0,81.0,215.0,183.0,250.0,920.0,716.0
2021-01-25,162.0,75.0,162.0,179.0,225.0,976.0,956.0
2021-01-26,192.0,76.0,192.0,151.0,217.0,920.0,664.0
2021-01-27,123.0,37.0,123.0,112.0,146.0,604.0,444.0
2021-01-28,218.0,92.0,218.0,189.0,250.0,968.0,756.0
2021-01-29,297.0,90.0,297.0,232.0,350.0,1920.0,1188.0
2021-01-30,210.0,74.0,210.0,243.0,286.0,1024.0,968.0
2021-01-31,259.0,98.0,259.0,246.0,306.0,1116.0,984.0
2021-02-01,164.0,62.0,164.0,196.0,171.0,676.0,484.0
2021-02-02,84.0,47.0,84.0,54.0,77.0,380.0,304.0
2021-02-03,270.0,75.0,270.0,261.0,347.0,1364.0,1060.0
2021-02-04,120.0,37.0,120.0,130.0,138.0,880.0,528.0
2021-02-05,285.0,135.0,285.0,216.0,303.0,1164.0,856.0
2021-02-06,185.0,60.0,185.0,177.0,260.0,800.0,576.0
2021-02-07,223.0,92.0,223.0,242.0,284.0,1152.0,1044.0
2021-02-08,147.0,45.0,147.0,168.0,217.0,780.0,812.0
2021-02-09,112.0,50.0,112.0,126.0,192.0,640.0,480.0
2021-02-10,311.0,116.0,311.0,234.0,347.0,1288.0,1072.0
2021-02-11,148.0,43.0,148.0,151.0,217.0,896.0,776.0
2021-02-12,471.0,167.0,471.0,386.0,546.0,1932.0,1556.0
2021-02-13,287.0,85.0,287.0,271.0,357.0,1264.0,1188.0
2021-02-14,295.0,104.0,295.0,229.0,289.0,1236.0,876.0
2021-02-15,369.0,141.0,369.0,314.0,353.0,1348.0,1216.0
2021-02-16,194.0,69.0,194.0,165.0,204.0,848.0,1080.0
2021-02-17,302.0,90.0,302.0,256.0,402.0,1352.0,1228.0
2021-02-18,172.0,58.0,172.0,156.0,223.0,976.0,628.0
2021-02-19,203.0,81.0,203.0,209.0,281.0,988.0,852.0
2021-02-20,168.0,59.0,168.0,145.0,249.0,828.0,680.0
2021-02-21,110.0,42.0,110.0,99.0,129.0,516.0,448.0
2021-02-22,149.0,58.0,149.0,140.0,183.0,804.0,628.0
2021-02-23,258.0,68.0,258.0,164.0,214.0,1068.0,820.0
2021-02-24,166.0,56.0,166.0,149.0,201.0,828.0,728.0
2021-02-25,315.0,105.0,315.0,319.0,340.0,1476.0,1108.0
2021-02-26,234.0,93.0,234.0,212.0,317.0,1096.0,996.0
2021-02-27,155.0,37.0,155.0,137.0,183.0,796.0,704.0
2021-02-28,302.0,103.0,302.0,272.0,321.0,1108.0,996.0
2021-03-01,170.0,46.0,170.0,142.0,197.0,768.0,772.0
2021-03-02,79.0,29.0,79.0,94.0,123.0,600.0,556.0
2021-03-03,176.0,75.0,176.0,177.0,235.0,1076.0,1064.0
2021-03-04,236.0,79.0,236.0,215.0,264.0,1064.0,1020.0
2021-03-05,288.0,82.0,288.0,249.0,354.0,1284.0,1104.0
2021-03-06,197.0,61.0,197.0,166.0,244.0,820.0,724.0
2021-03-07,225.0,73.0,225.0,195.0,264.0,920.0,952.0
2021-03-08,321.0,129.0,321.0,338.0,400.0,1612.0,1552.0
2021-03-09,293.0,91.0,293.0,221.0,307.0,1404.0,808.0
2021-03-10,317.0,119.0,317.0,264.0,321.0,1156.0,872.0
2021-03-11,185.0,72.0,185.0,157.0,177.0,640.0,536.0
2021-03-12,276.0,94.0,276.0,263.0,378.0,1456.0,1128.0
2021-03-13,357.0,108.0,357.0,374.0,404.0,1724.0,1560.0
2021-03-14,208.0,78.0,208.0,185.0,222.0,1136.0,864.0
2021-03-15,111.0,47.0,111.0,124.0,166.0,708.0,536.0
2021-03-16,165.0,50.0,165.0,128.0,141.0,636.0,704.0
2021-03-17,173.0,52.0,173.0,167.0,216.0,728.0,564.0
2021-03-18,186.0,73.0,186.0,175.0,263.0,960.0,952.0
2021-03-19,286.0,88.0,286.0,268.0,302.0,1072.0,900.0
2021-03-20,239.0,99.0,239.0,280.0,334.0,1248.0,1028.0
2021-03-21,200.0,63.0,200.0,155.0,213.0,808.0,792.0
2021-03-22,249.0,90.0,249.0,240.0,287.0,1684.0,1032.0
2021-03-23,162.0,42.0,162.0,128.0,184.0,732.0,508.0
2021-03-24,376.0,109.0,376.0,284.0,342.0,1456.0,1256.0
2021-03-25,196.0,66.0,196.0,207.0,244.0,1192.0,968.0
2021-03-26,147.0,45.0,147.0,147.0,204.0,868.0,628.0
2021-03-27,558.0,193.0,558.0,482.0,599.0,2152.0,1700.0
2021-03-28,127.0,40.0,127.0,122.0,126.0,588.0,640.0
2021-03-29,141.0,73.0,141.0,114.0,162.0,740.0,504.0
2021-03-30,172.0,73.0,172.0,177.0,240.0,936.0,896.0
2021-03-31,128.0,46.0,128.0,112.0,141.0,548.0,528.0
2021-04-01,151.0,53.0,151.0,140.0,204.0,724.0,568.0
2021-04-02,85.0,25.0,85.0,72.0,124.0,404.0,372.0
2021-04-03,118.0,36.0,118.0,107.0,139.0,616.0,364.0
2021-04-04,107.0,42.0,107.0,105.0,140.0,648.0,812.0
2021-04-05,194.0,66.0,194.0,185.0,207.0,1024.0,760.0
2021-04-06,244.0,101.0,244.0,194.0,274.0,1108.0,1068.0
2021-04-07,282.0,101.0,282.0,265.0,382.0,1172.0,1080.0
2021-04-08,256.0,81.0,256.0,213.0,257.0,968.0,732.0
2021-04-09,284.0,97.0,284.0,291.0,377.0,1480.0,1220.0
2021-04-10,129.0,48.0,129.0,119.0,142.0,588.0,520.0
2021-04-11,448.0,147.0,448.0,383.0,467.0,1656.0,1480.0
2021-04-12,509.0,183.0,509.0,457.0,608.0,2460.0,1800.0
2021-04-13,137.0,56.0,137.0,104.0,151.0,588.0,456.0
2021-04-14,69.0,34.0,69.0,82.0,100.0,464.0,424.0
2021-04-15,41.0,17.0,41.0,51.0,54.0,252.0,180.0
2021-04-16,177.0,77.0,177.0,183.0,223.0,868.0,684.0
2021-04-17,135.0,47.0,135.0,107.0,130.0,532.0,448.0
2021-04-18,97.0,25.0,97.0,89.0,123.0,696.0,516.0
2021-04-19,244.0,100.0,244.0,227.0,314.0,1140.0,1072.0
2021-04-20,157.0,63.0,157.0,152.0,207.0,768.0,636.0
2021-04-21,122.0,39.0,122.0,111.0,143.0,552.0,472.0
2021-04-22,203.0,67.0,203.0,209.0,272.0,992.0,776.0
2021-04-23,798.0,286.0,745.0,637.0,783.0,3072.0,2788.0
2021-04-24,1599.0,591.0,1540.0,1160.0,1577.0,6180.0,5240.0
2021-04-25,1557.0,523.0,1431.0,1248.0,1669.0,6660.0,6264.0
2021-04-26,2498.0,780.0,2384.0,1943.0,2466.0,9388.0,8116.0
2021-04-27,1349.0,465.0,1247.0,1093.0,1482.0,5396.0,4704.0
2021-04-28,1695.0,549.0,1607.0,1326.0,1702.0,6848.0,6120.0
2021-04-29,1439.0,433.0,1419.0,1132.0,1322.0,4972.0,3780.0
2021-04-30,1236.0,399.0,1205.0,933.0,1190.0,4060.0,3732.0
2021-05-01,1135.0,378.0,1100.0,993.0,1177.0,4100.0,3548.0
2021-05-02,1498.0,504.0,1441.0,1184.0,1423.0,5548.0,4436.0
2021-05-03,1828.0,745.0,1746.0,1385.0,1867.0,7200.0,6116.0
2021-05-04,1151.0,345.0,1099.0,964.0,1216.0,4660.0,3472.0
2021-05-05,2026.0,760.0,1973.0,1676.0,1960.0,7888.0,6400.0
2021-05-06,1254.0,477.0,1205.0,945.0,1330.0,5012.0,4136.0
2021-05-07,1934.0,688.0,1883.0,1625.0,2104.0,8104.0,7012.0
2021-05-08,1594.0,623.0,1485.0,1192.0,1620.0,6288.0,5628.0
2021-05-09,1351.0,420.0,1311.0,1116.0,1430.0,5228.0,4236.0
2021-05-10,1898.0,689.0,1837.0,1688.0,2033.0,7760.0,6576.0
2021-05-11,1432.0,488.0,1406.0,1187.0,1529.0,5388.0,4480.0
2021-05-12,1838.0,708.0,1671.0,1291.0,1722.0,6488.0,5588.0
2021-05-13,1118.0,361.0,1069.0,909.0,1230.0,4520.0,3768.0
2021-05-14,1448.0,467.0,1414.0,1231.0,1452.0,5576.0,4704.0
2021-05-15,1855.0,616.0,1717.0,1416.0,1970.0,7640.0,6900.0
2021-05-16,2422.0,919.0,2294.0,1825.0,2209.0,8072.0,7364.0
2021-05-17,2384.0,843.0,2234.0,1754.0,2148.0,8700.0,7616.0
2021-05-18,1328.0,527.0,1290.0,1051.0,1431.0,5352.0,4796.0
2021-05-19,2326.0,742.0,2167.0,1791.0,2243.0,8220.0,6900.0
2021-05-20,1667.0,693.0,1609.0,1307.0,1812.0,6880.0,5956.0
2021-05-21,1921.0,723.0,1833.0,1608.0,1978.0,7336.0,5712.0
2021-05-22,1648.0,536.0,1554.0,1237.0,1642.0,6428.0,4876.0
2021-05-23,1571.0,550.0,1516.0,1282.0,1520.0,5580.0,4652.0
2021-05-24,1547.0,525.0,1490.0,1148.0,1452.0,5036.0,4024.0
2021-05-25,1431.0,478.0,1298.0,1130.0,1562.0,5736.0,5068.0
2021-05-26,1659.0,705.0,1610.0,1346.0,1815.0,6948.0,6256.0
2021-05-27,1755.0,677.0,1710.0,1373.0,1775.0,6824.0,5528.0
2021-05-28,2185.0,692.0,2086.0,1679.0,2056.0,6956.0,5980.0
2021-05-29,1730.0,615.0,1707.0,1462.0,1738.0,6776.0,5936.0
2021-05-30,1916.0,784.0,1877.0,1590.0,1897.0,7748.0,6364.0
2021-05-31,1463.0,612.0,1402.0,1308.0,1604.0,6352.0,5356.0
2021-06-01,1509.0,593.0,1476.0,1224.0,1616.0,5964.0,5168.0
2021-06-02,2368.0,821.0,2305.0,1977.0,2509.0,9912.0,8464.0
2021-06-03,1512.0,496.0,1465.0,1333.0,1626.0,5736.0,4652.0
2021-06-04,2025.0,656.0,1955.0,1609.0,1922.0,7588.0,6520.0
2021-06-05,2304.0,866.0,2098.0,1651.0,2227.0,8328.0,7632.0
2021-06-06,2659.0,937.0,2527.0,2009.0,2631.0,10256.0,8892.0
2021-06-07,929.0,295.0,837.0,703.0,927.0,3860.0,3444.0
2021-06-08,1459.0,562.0,1399.0,1194.0,1669.0,6520.0,5404.0
2021-06-09,1694.0,562.0,1630.0,1270.0,1642.0,6188.0,5248.0
2021-06-10,1243.0,420.0,1180.0,1023.0,1282.0,5016.0,3844.0
2021-06-11,1791.0,589.0,1758.0,1482.0,1799.0,6424.0,4820.0
2021-06-12,1033.0,373.0,992.0,881.0,1132.0,4576.0,3592.0
2021-06-13,1587.0,579.0,1514.0,1255.0,1503.0,5644.0,4788.0
2021-06-14,1534.0,566.0,1502.0,1196.0,1547.0,5692.0,4908.0
2021-06-15,1120.0,369.0,1056.0,1012.0,1320.0,5420.0,4344.0
2021-06-16,1276.0,482.0,1245.0,997.0,1389.0,5496.0,4500.0
2021-06-17,1598.0,606.0,1518.0,1202.0,1654.0,6476.0,5440.0
2021-06-18,1266.0,466.0,1232.0,1106.0,1417.0,5316.0,4628.0
2021-06-19,1082.0,368.0,1026.0,882.0,1166.0,4484.0,3516.0
2021-06-20,1681.0,579.0,1642.0,1376.0,1851.0,6328.0,5260.0
2021-06-21,1175.0,378.0,1138.0,893.0,1217.0,4516.0,3796.0
2021-06-22,1123.0,378.0,1090.0,792.0,1029.0,3976.0,3340.0
2021-06-23,937.0,308.0,916.0,778.0,1100.0,4092.0,3084.0
2021-06-24,2217.0,775.0,2094.0,1457.0,1981.0,7444.0,6748.0
2021-06-25,1281.0,454.0,1214.0,958.0,1347.0,5244.0,4504.0
2021-06-26,1239.0,446.0,1165.0,976.0,1276.0,4664.0,3792.0
2021-06-27,1119.0,450.0,1108.0,981.0,1204.0,4724.0,3616.0
2021-06-28,1235.0,535.0,1204.0,1011.0,1366.0,5264.0,4980.0
2021-06-29,2054.0,789.0,1845.0,1509.0,1976.0,8024.0,6832.0
2021-06-30,1380.0,495.0,1317.0,1064.0,1393.0,5648.0,4568.0
2021-07-01,2055.0,755.0,1887.0,1572.0,2092.0,8580.0,7500.0
2021-07-02,1297.0,523.0,1232.0,1048.0,1452.0,5164.0,4132.0
2021-07-03,1028.0,343.0,992.0,848.0,1134.0,4264.0,3644.0
2021-07-04,1993.0,824.0,1825.0,1539.0,2048.0,8608.0,7556.0
2021-07-05,1489.0,575.0,1389.0,1121.0,1474.0,5456.0,4612.0
2021-07-06,726.0,241.0,688.0,582.0,814.0,3084.0,2624.0
2021-07-07,1332.0,464.0,1241.0,1068.0,1405.0,5544.0,4364.0
2021-07-08,1749.0,558.0,1667.0,1290.0,1564.0,6244.0,4692.0
2021-07-09,1461.0,538.0,1406.0,1241.0,1647.0,6504.0,5556.0
2021-07-10,1863.0,637.0,1638.0,1486.0,2014.0,8376.0,7244.0
2021-07-11,1614.0,656.0,1576.0,1325.0,1751.0,6860.0,5764.0
2021-07-12,1361.0,373.0,1314.0,1108.0,1399.0,4800.0,3852.0
2021-07-13,1665.0,700.0,1516.0,1285.0,1723.0,6428.0,5880.0
2021-07-14,1379.0,467.0,1345.0,1090.0,1502.0,5256.0,4456.0
2021-07-15,2026.0,717.0,1899.0,1640.0,2221.0,8500.0,7468.0
2021-07-16,2017.0,658.0,1940.0,1566.0,1996.0,7208.0,7060.0
2021-07-17,1501.0,603.0,1391.0,1196.0,1594.0,5988.0,5200.0
2021-07-18,1821.0,741.0,1758.0,1356.0,1841.0,7180.0,6680.0
2021-07-19,1589.0,599.0,1519.0,1378.0,1827.0,6856.0,5728.0
2021-07-20,1607.0,586.0,1496.0,1308.0,1747.0,6360.0,5372.0
2021-07-21,2766.0,973.0,2728.0,1996.0,2464.0,9068.0,7480.0
2021-07-22,1229.0,375.0,1144.0,1004.0,1300.0,4788.0,4260.0
2021-07-23,1548.0,552.0,1466.0,1248.0,1705.0,6444.0,5640.0
2021-07-24,1461.0,487.0,1394.0,1194.0,1542.0,5660.0,4316.0
2021-07-25,1207.0,401.0,1162.0,992.0,1408.0,5040.0,4520.0
2021-07-26,1077.0,382.0,1030.0,984.0,1250.0,4832.0,4244.0
2021-07-27,1229.0,472.0,1140.0,1063.0,1347.0,5124.0,4112.0
2021-07-28,1060.0,361.0,1035.0,825.0,1077.0,4144.0,3492.0
2021-07-29,1140.0,389.0,1030.0,889.0,1247.0,4980.0,4016.0
2021-07-30,1935.0,703.0,1834.0,1693.0,2275.0,8132.0,6972.0
2021-07-31,1441.0,423.0,1272.0,1044.0,1343.0,5440.0,4088.0
2021-08-01,1692.0,676.0,1608.0,1436.0,1958.0,7316.0,6500.0
2021-08-02,1491.0,522.0,1425.0,1181.0,1678.0,6012.0,5476.0
2021-08-03,1562.0,497.0,1434.0,1254.0,1541.0,6352.0,5676.0
2021-08-04,2038.0,813.0,1988.0,1606.0,1936.0,6704.0,6232.0
2021-08-05,1635.0,468.0,1552.0,1332.0,1680.0,5828.0,4492.0
2021-08-06,1313.0,470.0,1274.0,1025.0,1388.0,5260.0,4252.0
2021-08-07,1001.0,325.0,981.0,787.0,960.0,3484.0,3196.0
2021-08-08,1283.0,406.0,1242.0,1146.0,1491.0,5440.0,4404.0
2021-08-09,1833.0,704.0,1754.0,1473.0,1894.0,7324.0,5652.0
2021-08-10,1547.0,612.0,1467.0,1211.0,1577.0,6052.0,5580.0
2021-08-11,1651.0,570.0,1607.0,1348.0,1744.0,6656.0,5876.0
2021-08-12,1351.0,503.0,1279.0,1074.0,1460.0,5904.0,5024.0
2021-08-13,1612.0,542.0,1461.0,1211.0,1676.0,6656.0,5104.0
2021-08-14,1793.0,735.0,1699.0,1415.0,1927.0,7400.0,6424.0
2021-08-15,1405.0,469.0,1292.0,1100.0,1430.0,5576.0,4964.0
2021-08-16,1104.0,378.0,1061.0,915.0,1162.0,4540.0,3672.0
2021-08-17,2052.0,669.0,1905.0,1467.0,1980.0,7852.0,6448.0
2021-08-18,1258.0,482.0,1225.0,1035.0,1404.0,5212.0,4340.0
2021-08-19,1816.0,714.0,1700.0,1497.0,1928.0,7540.0,6824.0
2021-08-20,778.0,301.0,738.0,630.0,877.0,3304.0,2536.0
2021-08-21,1723.0,677.0,1575.0,1232.0,1778.0,7024.0,7308.0
2021-08-22,1147.0,428.0,1126.0,936.0,1250.0,4348.0,3676.0
2021-08-23,1970.0,684.0,1814.0,1450.0,2004.0,7404.0,6404.0
2021-08-24,1784.0,750.0,1711.0,1504.0,1947.0,7708.0,6464.0
2021-08-25,1913.0,577.0,1839.0,1446.0,1804.0,6128.0,4668.0
2021-08-26,1349.0,574.0,1304.0,1018.0,1243.0,4728.0,3924.0
2021-08-27,977.0,276.0,935.0,846.0,1149.0,4000.0,3324.0
2021-08-28,1250.0,427.0,1197.0,921.0,1350.0,5068.0,4008.0
2021-08-29,1652.0,525.0,1527.0,1282.0,1725.0,6328.0,5184.0
2021-08-30,1762.0,653.0,1668.0,1329.0,1780.0,6904.0,5760.0
2021-08-31,1073.0,345.0,1003.0,818.0,1109.0,4092.0,3544.0
2021-09-01,2033.0,652.0,1968.0,1521.0,1822.0,6932.0,5684.0
2021-09-02,1381.0,591.0,1309.0,1113.0,1527.0,5836.0,4896.0
2021-09-03,1129.0,412.0,1071.0,921.0,1150.0,4304.0,3356.0
2021-09-04,1660.0,591.0,1580.0,1335.0,1713.0,6440.0,5504.0
2021-09-05,1710.0,557.0,1632.0,1239.0,1617.0,6992.0,6624.0
2021-09-06,2029.0,814.0,1984.0,1656.0,2189.0,8056.0,7144.0
2021-09-07,1691.0,614.0,1635.0,1347.0,1588.0,6024.0,4576.0
2021-09-08,1358.0,505.0,1275.0,1103.0,1430.0,5488.0,4448.0
2021-09-09,936.0,309.0,911.0,770.0,1007.0,3756.0,2716.0
2021-09-10,1190.0,439.0,1151.0,1008.0,1229.0,4728.0,3780.0
2021-09-11,1756.0,662.0,1707.0,1476.0,1931.0,7384.0,7252.0
2021-09-12,1702.0,644.0,1651.0,1276.0,1728.0,6456.0,5556.0
2021-09-13,1253.0,372.0,1139.0,956.0,1215.0,5108.0,4356.0
2021-09-14,1803.0,625.0,1745.0,1486.0,1811.0,6556.0,5108.0
2021-09-15,1657.0,558.0,1535.0,1300.0,1712.0,6488.0,5528.0
2021-09-16,1779.0,695.0,1650.0,1368.0,1904.0,7088.0,6172.0
2021-09-17,1866.0,641.0,1811.0,1512.0,2036.0,7720.0,6700.0
2021-09-18,1468.0,564.0,1300.0,1160.0,1653.0,6184.0,5228.0
2021-09-19,1980.0,869.0,1902.0,1516.0,2069.0,8236.0,7244.0
2021-09-20,1420.0,510.0,1339.0,1069.0,1448.0,5328.0,4540.0
2021-09-21,1054.0,361.0,1000.0,907.0,1062.0,4332.0,3616.0
2021-09-22,1023.0,362.0,980.0,833.0,1102.0,4692.0,4208.0
2021-09-23,1146.0,356.0,1069.0,850.0,1110.0,4436.0,3436.0
2021-09-24,1845.0,624.0,1824.0,1572.0,1915.0,6528.0,5412.0
2021-09-25,2599.0,1045.0,2459.0,1933.0,2441.0,9948.0,8548.0
2021-09-26,1450.0,438.0,1384.0,1174.0,1392.0,5212.0,4584.0
2021-09-27,1650.0,536.0,1571.0,1309.0,1733.0,6264.0,5424.0
2021-09-28,1519.0,582.0,1460.0,1188.0,1599.0,6300.0,5736.0
2021-09-29,1856.0,593.0,1688.0,1308.0,1848.0,7580.0,6116.0
2021-09-30,2442.0,891.0,2290.0,1873.0,2507.0,9424.0,8576.0
2021-10-01,1246.0,348.0,1165.0,943.0,1217.0,4688.0,3796.0
2021-10-02,2548.0,970.0,2439.0,1836.0,2497.0,9616.0,8580.0
2021-10-03,1593.0,579.0,1498.0,1220.0,1687.0,7236.0,6356.0
2021-10-04,1160.0,482.0,1141.0,939.0,1285.0,4816.0,4064.0
2021-10-05,1493.0,520.0,1451.0,1245.0,1452.0,5380.0,4164.0
2021-10-06,1645.0,652.0,1584.0,1252.0,1754.0,6684.0,6220.0
2021-10-07,1396.0,513.0,1298.0,1126.0,1485.0,5828.0,4880.0
2021-10-08,1471.0,502.0,1373.0,1151.0,1565.0,5568.0,4540.0
2021-10-09,1406.0,467.0,1266.0,1173.0,1455.0,5420.0,4412.0
2021-10-10,1331.0,462.0,1254.0,1058.0,1454.0,5176.0,4328.0
2021-10-11,1860.0,710.0,1812.0,1484.0,1880.0,7136.0,6088.0
2021-10-12,1450.0,550.0,1377.0,1181.0,1546.0,5932.0,5436.0
2021-10-13,1402.0,525.0,1279.0,1051.0,1470.0,5784.0,5080.0
2021-10-14,2549.0,971.0,2432.0,2150.0,2543.0,9792.0,8640.0
2021-10-15,1299.0,447.0,1214.0,1056.0,1350.0,5352.0,4300.0
2021-10-16,1611.0,545.0,1489.0,1316.0,1781.0,6992.0,5764.0
2021-10-17,956.0,372.0,914.0,790.0,1042.0,4040.0,3324.0
2021-10-18,1249.0,473.0,1151.0,1082.0,1455.0,5228.0,4788.0
2021-10-19,1555.0,495.0,1462.0,1198.0,1607.0,5736.0,4672.0
2021-10-20,1050.0,437.0,978.0,898.0,1153.0,4380.0,3860.0
2021-10-21,1500.0,520.0,1370.0,1134.0,1494.0,6224.0,5572.0
2021-10-22,1861.0,725.0,1772.0,1418.0,1879.0,7256.0,6508.0
2021-10-23,1521.0,478.0,1461.0,1297.0,1640.0,6436.0,5220.0
2021-10-24,1092.0,373.0,1027.0,866.0,1162.0,4620.0,3568.0
2021-10-25,1779.0,676.0,1732.0,1459.0,1787.0,6612.0,6368.0
2021-10-26,2118.0,862.0,1976.0,1628.0,2083.0,8368.0,8032.0
2021-10-27,1353.0,556.0,1218.0,1035.0,1413.0,5644.0,4824.0
2021-10-28,1356.0,514.0,1301.0,1018.0,1301.0,5036.0,4776.0
2021-10-29,1658.0,579.0,1625.0,1309.0,1582.0,5628.0,4216.0
2021-10-30,1826.0,699.0,1710.0,1336.0,1814.0,6708.0,6088.0
2021-10-31,2187.0,863.0,2011.0,1688.0,2271.0,8760.0,8116.0
2021-11-01,969.0,323.0,890.0,718.0,1053.0,3892.0,3252.0
2021-11-02,1239.0,448.0,1182.0,1026.0,1418.0,5064.0,4324.0
2021-11-03,1210.0,438.0,1158.0,1050.0,1357.0,5148.0,3840.0
2021-11-04,1037.0,366.0,981.0,776.0,1148.0,4260.0,3660.0
2021-11-05,1218.0,409.0,1154.0,1041.0,1292.0,4932.0,4144.0
2021-11-06,1642.0,593.0,1549.0,1310.0,1739.0,6680.0,5932.0
2021-11-07,1031.0,334.0,940.0,744.0,1060.0,4620.0,3900.0
2021-11-08,1635.0,663.0,1570.0,1262.0,1660.0,6376.0,5436.0
2021-11-09,1384.0,498.0,1327.0,1088.0,1417.0,5336.0,4848.0
2021-11-10,1733.0,634.0,1687.0,1349.0,1626.0,6012.0,5396.0
2021-11-11,1798.0,646.0,1591.0,1429.0,1857.0,7476.0,6532.0
2021-11-12,1079.0,367.0,1035.0,827.0,1050.0,4148.0,3492.0
2021-11-13,1943.0,780.0,1864.0,1463.0,1855.0,7448.0,6368.0
2021-11-14,1917.0,765.0,1892.0,1529.0,1953.0,6992.0,6208.0
2021-11-15,1631.0,659.0,1543.0,1422.0,1839.0,6720.0,5564.0
2021-11-16,1947.0,670.0,1899.0,1474.0,1930.0,7120.0,6184.0
2021-11-17,1412.0,565.0,1370.0,1203.0,1507.0,6012.0,4572.0
2021-11-18,1179.0,410.0,1131.0,910.0,1112.0,3992.0,3288.0
2021-11-19,1414.0,548.0,1329.0,1072.0,1428.0,5404.0,4408.0
2021-11-20,1867.0,681.0,1750.0,1347.0,1794.0,6912.0,6572.0
2021-11-21,1428.0,513.0,1324.0,1240.0,1578.0,5960.0,4896.0
2021-11-22,1942.0,729.0,1923.0,1699.0,2148.0,7856.0,6584.0
2021-11-23,1490.0,531.0,1367.0,1107.0,1660.0,6364.0,6052.0
2021-11-24,1666.0,600.0,1605.0,1323.0,1810.0,7128.0,6148.0
2021-11-25,1543.0,515.0,1450.0,1244.0,1677.0,6524.0,5276.0
2021-11-26,1724.0,596.0,1669.0,1336.0,1835.0,6484.0,5892.0
2021-11-27,1720.0,564.0,1660.0,1396.0,1701.0,6560.0,5824.0
2021-11-28,2393.0,928.0,2353.0,1896.0,2362.0,8456.0,7228.0
2021-11-29,1218.0,396.0,1187.0,915.0,1144.0,4220.0,3388.0
2021-11-30,1613.0,508.0,1529.0,1255.0,1655.0,6108.0,5272.0
2021-12-01,1443.0,525.0,1383.0,1171.0,1553.0,6040.0,4820.0
2021-12-02,1477.0,500.0,1336.0,1127.0,1530.0,6084.0,5808.0
2021-12-03,1824.0,509.0,1742.0,1274.0,1457.0,5392.0,5084.0
2021-12-04,666.0,210.0,616.0,465.0,565.0,2420.0,2196.0
2021-12-05,707.0,230.0,601.0,442.0,609.0,2840.0,3076.0
2021-12-06,713.0,245.0,631.0,534.0,732.0,3396.0,3684.0
2021-12-07,1104.0,381.0,950.0,736.0,1086.0,4768.0,5456.0
2021-12-08,848.0,270.0,717.0,644.0,908.0,4284.0,4716.0
2021-12-09,1220.0,339.0,1147.0,908.0,1046.0,4008.0,3596.0
2021-12-10,1144.0,375.0,1057.0,849.0,1112.0,4812.0,4560.0
2021-12-11,1381.0,432.0,1270.0,882.0,1137.0,5076.0,5244.0
2021-12-12,1313.0,416.0,1204.0,973.0,1111.0,4760.0,5032.0
2021-12-13,506.0,158.0,431.0,353.0,516.0,2388.0,2872.0
2021-12-14,1208.0,369.0,1128.0,781.0,973.0,4040.0,4172.0
2021-12-15,860.0,283.0,813.0,565.0,747.0,3180.0,2880.0
2021-12-16,1055.0,297.0,984.0,749.0,926.0,3468.0,3440.0
2021-12-17,1682.0,502.0,1601.0,1180.0,1325.0,5088.0,4840.0
2021-12-18,1054.0,324.0,884.0,655.0,945.0,4276.0,4776.0
2021-12-19,1078.0,329.0,978.0,829.0,984.0,4228.0,4564.0
2021-12-20,642.0,189.0,555.0,428.0,616.0,3164.0,3328.0
2021-12-21,1184.0,390.0,1071.0,814.0,1003.0,4404.0,4208.0
2021-12-22,1205.0,385.0,1141.0,883.0,1058.0,3920.0,3644.0
2021-12-23,757.0,243.0,672.0,526.0,695.0,3144.0,3288.0
2021-12-24,1199.0,370.0,1070.0,826.0,1042.0,4500.0,4604.0
2021-12-25,1360.0,432.0,1249.0,891.0,1153.0,4340.0,4188.0
2021-12-26,1169.0,386.0,1011.0,807.0,1103.0,4732.0,4792.0
2021-12-27,896.0,259.0,787.0,576.0,809.0,3596.0,3708.0
2021-12-28,1059.0,295.0,978.0,761.0,1018.0,4012.0,4220.0
2021-12-29,958.0,302.0,838.0,576.0,941.0,3828.0,4512.0
2021-12-30,845.0,259.0,761.0,665.0,850.0,3476.0,3356.0
2021-12-31,700.0,226.0,608.0,493.0,697.0,3312.0,4208.0
2022-01-01,605.0,226.0,536.0,466.0,691.0,2988.0,3344.0
2022-01-02,679.0,227.0,546.0,437.0,764.0,3596.0,4424.0
2022-01-03,1224.0,362.0,1146.0,917.0,1072.0,4272.0,3840.0
2022-01-04,1405.0,426.0,1314.0,894.0,1008.0,4236.0,4096.0
2022-01-05,860.0,279.0,752.0,634.0,834.0,3528.0,3672.0
2022-01-06,1220.0,366.0,1098.0,898.0,1138.0,4692.0,4864.0
2022-01-07,623.0,213.0,557.0,479.0,617.0,2804.0,3080.0
2022-01-08,1409.0,457.0,1291.0,911.0,1082.0,4988.0,4812.0
2022-01-09,773.0,243.0,669.0,513.0,742.0,3120.0,3316.0
2022-01-10,859.0,248.0,763.0,528.0,661.0,2828.0,3144.0
2022-01-11,711.0,216.0,643.0,516.0,580.0,2532.0,2408.0
2022-01-12,538.0,173.0,471.0,363.0,540.0,2236.0,2352.0
2022-01-13,747.0,289.0,650.0,512.0,705.0,3276.0,3808.0
2022-01-14,1103.0,335.0,1007.0,722.0,915.0,3976.0,4476.0
2022-01-15,1054.0,322.0,991.0,737.0,895.0,3440.0,3196.0
2022-01-16,459.0,147.0,386.0,313.0,451.0,2060.0,2416.0
2022-01-17,691.0,214.0,617.0,525.0,710.0,3184.0,3224.0
2022-01-18,827.0,266.0,741.0,627.0,761.0,3556.0,3520.0
2022-01-19,1247.0,359.0,1174.0,973.0,1054.0,4356.0,3924.0
2022-01-20,1427.0,423.0,1325.0,993.0,1224.0,4896.0,5224.0
2022-01-21,812.0,250.0,696.0,546.0,739.0,3324.0,3288.0
2022-01-22,612.0,181.0,521.0,360.0,544.0,2552.0,2400.0
2022-01-23,1211.0,384.0,1055.0,891.0,1125.0,5032.0,5260.0
2022-01-24,1328.0,353.0,1269.0,943.0,1076.0,4004.0,3468.0
2022-01-25,767.0,226.0,671.0,510.0,662.0,3196.0,3396.0
2022-01-26,1281.0,331.0,1154.0,808.0,1006.0,3920.0,3296.0
2022-01-27,937.0,279.0,831.0,606.0,851.0,3984.0,4140.0
2022-01-28,1124.0,376.0,1030.0,797.0,1046.0,4076.0,4256.0
2022-01-29,658.0,231.0,550.0,440.0,682.0,3208.0,3660.0
2022-01-30,716.0,242.0,633.0,565.0,671.0,3028.0,2936.0
2022-01-31,822.0,281.0,733.0,560.0,759.0,3528.0,3780.0
2022-02-01,566.0,193.0,493.0,451.0,631.0,3000.0,3076.0
2022-02-02,693.0,228.0,593.0,505.0,684.0,3184.0,3756.0
2022-02-03,1277.0,373.0,1194.0,866.0,1039.0,3940.0,3784.0
2022-02-04,1078.0,315.0,993.0,705.0,840.0,3232.0,3124.0
2022-02-05,529.0,211.0,449.0,366.0,564.0,2744.0,3048.0
2022-02-06,1022.0,344.0,901.0,716.0,976.0,4464.0,4720.0
2022-02-07,603.0,164.0,514.0,473.0,551.0,2776.0,2696.0
2022-02-08,949.0,309.0,822.0,657.0,879.0,3420.0,3528.0
2022-02-09,770.0,260.0,693.0,571.0,709.0,2828.0,3068.0
2022-02-10,1159.0,345.0,1111.0,821.0,880.0,3340.0,2644.0
2022-02-11,1267.0,439.0,1146.0,890.0,1199.0,5124.0,5820.0
2022-02-12,603.0,200.0,529.0,446.0,571.0,2580.0,2916.0
2022-02-13,1494.0,422.0,1437.0,1061.0,1177.0,4156.0,3884.0
2022-02-14,1120.0,304.0,1033.0,799.0,937.0,3844.0,3780.0
2022-02-15,1173.0,340.0,1088.0,820.0,954.0,3896.0,3884.0
2022-02-16,744.0,230.0,668.0,525.0,682.0,2652.0,2896.0
2022-02-17,875.0,265.0,809.0,710.0,823.0,3124.0,3140.0
2022-02-18,872.0,272.0,781.0,633.0,777.0,3348.0,3260.0
2022-02-19,1272.0,335.0,1216.0,903.0,1060.0,3936.0,3436.0
2022-02-20,948.0,304.0,816.0,726.0,995.0,4540.0,4680.0
2022-02-21,1000.0,334.0,868.0,709.0,971.0,4384.0,5308.0
2022-02-22,1029.0,351.0,951.0,772.0,902.0,3688.0,3040.0
2022-02-23,517.0,197.0,435.0,326.0,491.0,2512.0,2872.0
2022-02-24,720.0,240.0,625.0,522.0,709.0,3236.0,3180.0
2022-02-25,1141.0,367.0,1072.0,803.0,917.0,3572.0,3248.0
2022-02-26,1258.0,356.0,1176.0,918.0,1224.0,4368.0,4260.0
2022-02-27,910.0,298.0,801.0,613.0,852.0,3996.0,4296.0
2022-02-28,1832.0,529.0,1725.0,1237.0,1466.0,5516.0,5024.0
2022-03-01,751.0,275.0,674.0,586.0,790.0,3296.0,3668.0
2022-03-02,739.0,214.0,633.0,482.0,655.0,3096.0,2960.0
2022-03-03,809.0,237.0,736.0,525.0,723.0,3032.0,3384.0
2022-03-04,1292.0,383.0,1183.0,876.0,1131.0,4552.0,4540.0
2022-03-05,1098.0,323.0,1008.0,777.0,1015.0,3880.0,3980.0
2022-03-06,757.0,242.0,694.0,506.0,637.0,2456.0,2588.0
2022-03-07,1136.0,327.0,1042.0,812.0,950.0,3728.0,3500.0
2022-03-08,1489.0,386.0,1383.0,1131.0,1372.0,5220.0,5468.0
2022-03-09,1147.0,330.0,1077.0,808.0,883.0,3652.0,3312.0
2022-03-10,1670.0,466.0,1587.0,1155.0,1345.0,5380.0,4912.0
2022-03-11,630.0,208.0,530.0,493.0,653.0,2988.0,3180.0
2022-03-12,626.0,183.0,550.0,461.0,625.0,2948.0,2860.0
2022-03-13,693.0,222.0,627.0,530.0,677.0,2912.0,3024.0
2022-03-14,731.0,243.0,652.0,518.0,730.0,3556.0,3852.0
2022-03-15,453.0,172.0,393.0,335.0,459.0,2380.0,2544.0
2022-03-16,1355.0,407.0,1279.0,937.0,1135.0,4680.0,5088.0
2022-03-17,703.0,252.0,619.0,442.0,633.0,2768.0,3000.0
2022-03-18,755.0,234.0,635.0,517.0,746.0,3244.0,3724.0
2022-03-19,1303.0,404.0,1206.0,930.0,1058.0,4252.0,3724.0
2022-03-20,957.0,299.0,810.0,702.0,885.0,3976.0,4440.0
2022-03-21,855.0,280.0,745.0,627.0,784.0,3432.0,3684.0
2022-03-22,772.0,221.0,655.0,486.0,651.0,3220.0,3576.0
2022-03-23,871.0,275.0,740.0,553.0,697.0,3472.0,3816.0
2022-03-24,975.0,321.0,848.0,650.0,845.0,3612.0,3752.0
2022-03-25,794.0,248.0,682.0,581.0,756.0,3664.0,4088.0
2022-03-26,539.0,189.0,480.0,437.0,561.0,2568.0,2412.0
2022-03-27,909.0,273.0,797.0,622.0,849.0,3936.0,4300.0
2022-03-28,549.0,178.0,490.0,432.0,586.0,2508.0,2444.0
2022-03-29,820.0,243.0,776.0,624.0,790.0,2860.0,3032.0
2022-03-30,753.0,225.0,647.0,490.0,634.0,2976.0,3276.0
2022-03-31,693.0,213.0,550.0,466.0,597.0,2772.0,3008.0
2022-04-01,1188.0,315.0,1110.0,796.0,937.0,3668.0,3440.0
2022-04-02,720.0,245.0,637.0,489.0,667.0,2776.0,2480.0
2022-04-03,1260.0,382.0,1148.0,847.0,1082.0,4192.0,3816.0
2022-04-04,959.0,287.0,794.0,622.0,899.0,3948.0,4536.0
2022-04-05,1339.0,376.0,1280.0,964.0,1098.0,4108.0,3232.0
2022-04-06,841.0,272.0,739.0,513.0,723.0,3104.0,3256.0
2022-04-07,688.0,227.0,608.0,464.0,615.0,2496.0,2432.0
2022-04-08,965.0,282.0,833.0,649.0,868.0,3956.0,4380.0
2022-04-09,1250.0,367.0,1156.0,838.0,973.0,3648.0,3576.0
2022-04-10,495.0,162.0,444.0,358.0,453.0,1912.0,1708.0
2022-04-11,821.0,262.0,698.0,572.0,772.0,3400.0,3548.0
2022-04-12,526.0,162.0,422.0,356.0,493.0,2816.0,2852.0
2022-04-13,1177.0,370.0,1057.0,894.0,1193.0,4756.0,4904.0
2022-04-14,1189.0,381.0,965.0,683.0,983.0,4472.0,4780.0
2022-04-15,644.0,224.0,533.0,420.0,620.0,3064.0,3296.0
2022-04-16,971.0,319.0,878.0,648.0,949.0,3956.0,4000.0
2022-04-17,1223.0,350.0,1151.0,821.0,947.0,3756.0,3192.0
2022-04-18,1199.0,373.0,1080.0,898.0,1064.0,4760.0,5104.0
2022-04-19,923.0,302.0,838.0,678.0,847.0,3616.0,3264.0
2022-04-20,724.0,257.0,656.0,480.0,647.0,2704.0,2488.0
2022-04-21,807.0,313.0,680.0,503.0,764.0,3560.0,4232.0
2022-04-22,728.0,210.0,657.0,487.0,642.0,2636.0,2632.0
2022-04-23,794.0,275.0,713.0,607.0,714.0,3132.0,3056.0
2022-04-24,732.0,199.0,634.0,534.0,665.0,3252.0,3380.0
2022-04-25,1037.0,315.0,954.0,716.0,935.0,3652.0,3656.0
2022-04-26,1320.0,376.0,1226.0,893.0,1099.0,4316.0,4212.0
2022-04-27,828.0,249.0,717.0,559.0,792.0,3500.0,3920.0
2022-04-28,981.0,282.0,918.0,781.0,946.0,3420.0,3144.0
2022-04-29,771.0,293.0,680.0,576.0,837.0,3804.0,4084.0
2022-04-30,1185.0,362.0,1080.0,848.0,1042.0,4036.0,4152.0
2022-05-01,1123.0,307.0,1020.0,825.0,1014.0,4264.0,4540.0
2022-05-02,635.0,203.0,519.0,391.0,609.0,3240.0,3960.0
2022-05-03,1175.0,315.0,1103.0,874.0,1015.0,4172.0,4196.0
2022-05-04,1603.0,524.0,1396.0,1038.0,1400.0,5948.0,7164.0
2022-05-05,900.0,269.0,848.0,612.0,815.0,2964.0,2992.0
2022-05-06,859.0,250.0,767.0,614.0,827.0,3536.0,3356.0
2022-05-07,924.0,244.0,856.0,730.0,852.0,3328.0,3076.0
2022-05-08,795.0,268.0,727.0,538.0,651.0,2656.0,2960.0
2022-05-09,758.0,234.0,645.0,519.0,746.0,3392.0,3812.0
2022-05-10,740.0,222.0,620.0,518.0,794.0,3504.0,3804.0
2022-05-11,1830.0,492.0,1747.0,1359.0,1535.0,5576.0,5240.0
2022-05-12,888.0,290.0,782.0,655.0,906.0,3776.0,4120.0
2022-05-13,1359.0,369.0,1230.0,876.0,1163.0,4896.0,5288.0
2022-05-14,686.0,250.0,609.0,443.0,661.0,3004.0,2936.0
2022-05-15,1194.0,326.0,1098.0,839.0,950.0,3680.0,3344.0
2022-05-16,1102.0,333.0,988.0,762.0,1048.0,4180.0,4784.0
2022-05-17,1532.0,459.0,1478.0,1082.0,1194.0,4544.0,4156.0
2022-05-18,679.0,200.0,611.0,535.0,619.0,2628.0,2484.0
2022-05-19,839.0,273.0,716.0,441.0,675.0,2988.0,3204.0
2022-05-20,1252.0,366.0,1124.0,728.0,944.0,3936.0,3896.0
2022-05-21,663.0,191.0,612.0,511.0,630.0,2556.0,2652.0
2022-05-22,744.0,247.0,669.0,532.0,753.0,3196.0,3492.0
2022-05-23,1445.0,459.0,1380.0,1009.0,1184.0,3924.0,3736.0
2022-05-24,784.0,270.0,666.0,554.0,761.0,3472.0,3552.0
2022-05-25,791.0,252.0,629.0,539.0,743.0,3552.0,3716.0
2022-05-26,699.0,235.0,626.0,530.0,701.0,2976.0,2724.0
2022-05-27,862.0,253.0,752.0,654.0,843.0,3648.0,4072.0
2022-05-28,950.0,326.0,887.0,654.0,900.0,3148.0,3172.0
2022-05-29,671.0,210.0,554.0,393.0,638.0,2904.0,3456.0
2022-05-30,1011.0,270.0,904.0,780.0,927.0,3808.0,3680.0
2022-05-31,942.0,307.0,827.0,619.0,841.0,3668.0,4164.0
2022-06-01,1464.0,438.0,1393.0,1033.0,1095.0,3968.0,3720.0
2022-06-02,756.0,214.0,685.0,578.0,686.0,2996.0,2924.0
2022-06-03,1643.0,442.0,1553.0,1140.0,1383.0,5412.0,5012.0
2022-06-04,862.0,252.0,741.0,642.0,870.0,3612.0,4116.0
2022-06-05,819.0,327.0,729.0,594.0,792.0,3464.0,3684.0
2022-06-06,776.0,280.0,678.0,632.0,768.0,3180.0,3420.0
2022-06-07,1023.0,302.0,884.0,754.0,1008.0,4476.0,4748.0
2022-06-08,589.0,185.0,485.0,460.0,640.0,3036.0,3280.0
2022-06-09,713.0,204.0,628.0,548.0,660.0,2768.0,2964.0
2022-06-10,1000.0,320.0,924.0,692.0,869.0,3432.0,3384.0
2022-06-11,1672.0,456.0,1556.0,1145.0,1386.0,5000.0,4992.0
2022-06-12,706.0,209.0,617.0,473.0,671.0,2760.0,2336.0
2022-06-13,700.0,201.0,580.0,458.0,570.0,2664.0,2720.0
2022-06-14,1501.0,459.0,1411.0,929.0,1109.0,4384.0,4044.0
2022-06-15,621.0,223.0,515.0,404.0,551.0,2308.0,2316.0
2022-06-16,1039.0,297.0,924.0,681.0,929.0,3888.0,3628.0
2022-06-17,1093.0,313.0,979.0,691.0,959.0,4124.0,4112.0
2022-06-18,1131.0,336.0,1041.0,799.0,1051.0,3800.0,3820.0
2022-06-19,880.0,302.0,754.0,632.0,828.0,4024.0,4368.0
2022-06-20,859.0,223.0,791.0,563.0,720.0,2924.0,3036.0
2022-06-21,1019.0,274.0,917.0,749.0,836.0,3280.0,2844.0
2022-06-22,587.0,203.0,511.0,403.0,610.0,2780.0,3136.0
2022-06-23,736.0,197.0,685.0,518.0,627.0,2504.0,2492.0
2022-06-24,1411.0,426.0,1314.0,1033.0,1338.0,4964.0,5220.0
2022-06-25,936.0,292.0,848.0,673.0,869.0,3576.0,3432.0
2022-06-26,587.0,196.0,494.0,412.0,597.0,2496.0,2556.0
2022-06-27,537.0,160.0,498.0,406.0,576.0,2264.0,1888.0
2022-06-28,789.0,312.0,676.0,623.0,872.0,3784.0,4260.0
2022-06-29,663.0,212.0,585.0,444.0,642.0,2840.0,2748.0
2022-06-30,977.0,320.0,854.0,714.0,848.0,3796.0,4236.0
2022-07-01,695.0,228.0,608.0,447.0,569.0,2484.0,2688.0
2022-07-02,925.0,308.0,862.0,645.0,864.0,3448.0,3512.0
2022-07-03,588.0,219.0,515.0,470.0,586.0,2836.0,2996.0
2022-07-04,1142.0,344.0,1042.0,841.0,973.0,3980.0,4548.0
2022-07-05,731.0,225.0,673.0,546.0,624.0,2536.0,2396.0
2022-07-06,1451.0,423.0,1326.0,1083.0,1368.0,5456.0,5816.0
2022-07-07,739.0,216.0,698.0,553.0,614.0,2368.0,2356.0
2022-07-08,714.0,237.0,588.0,503.0,734.0,3488.0,3932.0
2022-07-09,575.0,161.0,504.0,395.0,543.0,2284.0,2300.0
2022-07-10,1200.0,371.0,1077.0,746.0,983.0,3740.0,3916.0
2022-07-11,760.0,221.0,703.0,614.0,764.0,3300.0,3208.0
2022-07-12,914.0,262.0,817.0,588.0,773.0,3100.0,3352.0
2022-07-13,1214.0,364.0,1108.0,884.0,1171.0,4792.0,4988.0
2022-07-14,1347.0,389.0,1280.0,1020.0,1209.0,4504.0,4568.0
2022-07-15,1016.0,327.0,938.0,726.0,860.0,3412.0,3672.0
2022-07-16,650.0,199.0,565.0,464.0,696.0,3016.0,2884.0
2022-07-17,1161.0,363.0,1082.0,784.0,990.0,3708.0,3704.0
2022-07-18,1508.0,383.0,1428.0,1157.0,1307.0,5048.0,4624.0
2022-07-19,844.0,258.0,738.0,503.0,663.0,2784.0,3132.0
2022-07-20,799.0,242.0,706.0,528.0,663.0,2804.0,2732.0
2022-07-21,863.0,224.0,763.0,581.0,714.0,3124.0,3160.0
2022-07-22,836.0,277.0,787.0,656.0,784.0,2964.0,2888.0
2022-07-23,1181.0,356.0,1076.0,847.0,996.0,4012.0,4144.0
2022-07-24,703.0,219.0,606.0,521.0,667.0,2880.0,2952.0
2022-07-25,697.0,216.0,626.0,524.0,699.0,3096.0,3292.0
2022-07-26,984.0,335.0,883.0,793.0,1010.0,4324.0,4292.0
2022-07-27,983.0,362.0,868.0,645.0,762.0,3380.0,3944.0
2022-07-28,631.0,221.0,472.0,334.0,597.0,2844.0,3492.0
2022-07-29,747.0,240.0,555.0,398.0,725.0,3576.0,4112.0
2022-07-30,815.0,289.0,568.0,441.0,752.0,3560.0,4508.0
2022-07-31,476.0,114.0,334.0,256.0,474.0,2352.0,2708.0
2022-08-01,666.0,206.0,481.0,395.0,646.0,3472.0,4164.0
2022-08-02,491.0,149.0,367.0,261.0,497.0,2396.0,2916.0
2022-08-03,1211.0,372.0,889.0,731.0,1197.0,6052.0,7644.0
2022-08-04,633.0,176.0,433.0,353.0,602.0,3408.0,3824.0
2022-08-05,578.0,165.0,436.0,318.0,504.0,2580.0,3576.0
2022-08-06,505.0,186.0,354.0,267.0,486.0,2520.0,3104.0
2022-08-07,624.0,210.0,458.0,368.0,627.0,3392.0,4588.0
2022-08-08,632.0,206.0,429.0,358.0,517.0,3200.0,3716.0
2022-08-09,773.0,238.0,529.0,401.0,640.0,3216.0,4180.0
2022-08-10,708.0,250.0,527.0,400.0,725.0,3572.0,4752.0
2022-08-11,650.0,247.0,438.0,298.0,544.0,2656.0,3404.0
2022-08-12,550.0,171.0,411.0,279.0,487.0,2372.0,2924.0
2022-08-13,595.0,173.0,443.0,337.0,573.0,3208.0,3400.0
2022-08-14,828.0,280.0,620.0,444.0,762.0,3720.0,4728.0
2022-08-15,669.0,211.0,492.0,344.0,669.0,3324.0,4152.0
2022-08-16,658.0,213.0,482.0,400.0,620.0,3196.0,3480.0
2022-08-17,560.0,206.0,406.0,300.0,536.0,2700.0,3436.0
2022-08-18,850.0,277.0,601.0,460.0,732.0,3768.0,4856.0
2022-08-19,678.0,229.0,484.0,305.0,552.0,3008.0,3668.0
2022-08-20,742.0,234.0,521.0,379.0,593.0,3184.0,3688.0
2022-08-21,748.0,250.0,555.0,400.0,681.0,3432.0,3872.0
2022-08-22,701.0,215.0,479.0,390.0,587.0,3192.0,3760.0
2022-08-23,517.0,162.0,370.0,299.0,545.0,2680.0,3044.0
2022-08-24,603.0,204.0,452.0,373.0,579.0,3124.0,4128.0
2022-08-25,916.0,318.0,664.0,503.0,816.0,4732.0,5820.0
2022-08-26,451.0,145.0,325.0,248.0,405.0,2204.0,2468.0
2022-08-27,570.0,174.0,412.0,306.0,552.0,2688.0,3660.0
2022-08-28,528.0,166.0,389.0,309.0,535.0,2732.0,3120.0
2022-08-29,617.0,184.0,428.0,316.0,529.0,2808.0,3464.0
2022-08-30,848.0,319.0,594.0,496.0,752.0,3912.0,4980.0
2022-08-31,712.0,256.0,498.0,401.0,674.0,3344.0,4224.0
2022-09-01,414.0,138.0,270.0,221.0,341.0,2044.0,2228.0
2022-09-02,699.0,231.0,513.0,408.0,616.0,3564.0,4416.0
2022-09-03,644.0,221.0,484.0,377.0,592.0,3100.0,3816.0
2022-09-04,583.0,206.0,449.0,342.0,517.0,2672.0,3012.0
2022-09-05,582.0,189.0,413.0,355.0,568.0,2944.0,3524.0
2022-09-06,453.0,134.0,345.0,245.0,453.0,2268.0,2596.0
2022-09-07,623.0,203.0,461.0,353.0,622.0,3368.0,4196.0
2022-09-08,682.0,190.0,492.0,376.0,648.0,3416.0,4116.0
2022-09-09,579.0,174.0,418.0,334.0,571.0,2916.0,3636.0
2022-09-10,555.0,206.0,418.0,318.0,545.0,2816.0,3708.0
2022-09-11,625.0,204.0,459.0,369.0,592.0,2896.0,3508.0
2022-09-12,535.0,160.0,398.0,238.0,451.0,2300.0,3048.0
2022-09-13,570.0,174.0,402.0,311.0,545.0,3028.0,3484.0
2022-09-14,571.0,196.0,448.0,342.0,530.0,2868.0,3372.0
2022-09-15,584.0,194.0,448.0,316.0,508.0,2724.0,2992.0
2022-09-16,626.0,216.0,467.0,361.0,535.0,3132.0,3768.0
2022-09-17,428.0,155.0,307.0,242.0,496.0,2628.0,3288.0
2022-09-18,774.0,241.0,588.0,400.0,668.0,3480.0,4296.0
2022-09-19,849.0,278.0,646.0,481.0,740.0,3684.0,4096.0
2022-09-20,463.0,155.0,354.0,283.0,542.0,2540.0,3336.0
2022-09-21,620.0,179.0,454.0,356.0,589.0,3020.0,3624.0
2022-09-22,605.0,164.0,424.0,385.0,586.0,3508.0,4120.0
2022-09-23,749.0,235.0,508.0,430.0,641.0,3368.0,3944.0
2022-09-24,601.0,192.0,422.0,304.0,535.0,2900.0,3508.0
2022-09-25,619.0,202.0,447.0,323.0,580.0,3032.0,3732.0
2022-09-26,569.0,190.0,406.0,290.0,534.0,2732.0,3312.0
2022-09-27,714.0,266.0,499.0,414.0,667.0,3612.0,4368.0
2022-09-28,593.0,203.0,442.0,300.0,540.0,2808.0,3436.0
2022-09-29,873.0,286.0,648.0,402.0,748.0,4068.0,4752.0
2022-09-30,872.0,269.0,634.0,450.0,802.0,4024.0,5028.0
2022-10-01,719.0,230.0,532.0,414.0,713.0,3620.0,4540.0
2022-10-02,706.0,253.0,502.0,394.0,691.0,3424.0,4356.0
2022-10-03,502.0,185.0,374.0,256.0,436.0,2288.0,2888.0
2022-10-04,566.0,178.0,402.0,317.0,547.0,3132.0,3852.0
2022-10-05,600.0,202.0,422.0,333.0,585.0,2864.0,3432.0
2022-10-06,596.0,190.0,454.0,295.0,501.0,2804.0,3440.0
2022-10-07,522.0,175.0,369.0,307.0,517.0,2648.0,2920.0
2022-10-08,710.0,213.0,500.0,378.0,653.0,3096.0,3876.0
2022-10-09,551.0,193.0,420.0,279.0,521.0,2708.0,3280.0
2022-10-10,424.0,145.0,316.0,257.0,447.0,2428.0,3000.0
2022-10-11,798.0,282.0,575.0,419.0,730.0,3468.0,3968.0
2022-10-12,440.0,132.0,307.0,271.0,428.0,2200.0,2712.0
2022-10-13,858.0,245.0,606.0,489.0,795.0,4288.0,5060.0
2022-10-14,848.0,292.0,641.0,491.0,804.0,4560.0,5456.0
2022-10-15,791.0,251.0,604.0,428.0,634.0,3660.0,4304.0
2022-10-16,764.0,245.0,537.0,399.0,658.0,3636.0,4584.0
2022-10-17,614.0,204.0,447.0,348.0,596.0,3252.0,3736.0
2022-10-18,727.0,259.0,532.0,393.0,645.0,3468.0,4200.0
2022-10-19,629.0,222.0,457.0,350.0,602.0,3020.0,3648.0
2022-10-20,460.0,137.0,309.0,275.0,476.0,2460.0,2756.0
2022-10-21,958.0,318.0,684.0,558.0,884.0,4672.0,5516.0
2022-10-22,509.0,186.0,380.0,354.0,524.0,2960.0,3668.0
2022-10-23,472.0,177.0,351.0,273.0,446.0,2448.0,3120.0
2022-10-24,702.0,222.0,525.0,387.0,729.0,3720.0,3956.0
2022-10-25,501.0,176.0,382.0,269.0,414.0,2232.0,2748.0
2022-10-26,547.0,195.0,399.0,334.0,504.0,2684.0,3128.0
2022-10-27,842.0,252.0,589.0,438.0,798.0,4288.0,4780.0
2022-10-28,457.0,181.0,331.0,269.0,427.0,2020.0,2876.0
2022-10-29,593.0,179.0,409.0,332.0,502.0,2632.0,3152.0
2022-10-30,348.0,111.0,239.0,175.0,320.0,1512.0,1860.0
2022-10-31,683.0,239.0,476.0,354.0,645.0,3344.0,3716.0
2022-11-01,714.0,234.0,495.0,388.0,595.0,3148.0,3460.0
2022-11-02,533.0,203.0,405.0,301.0,499.0,2808.0,3212.0
2022-11-03,620.0,222.0,466.0,363.0,593.0,3164.0,3844.0
2022-11-04,673.0,231.0,487.0,375.0,616.0,3072.0,3756.0
2022-11-05,611.0,215.0,457.0,344.0,559.0,2948.0,3476.0
2022-11-06,1015.0,331.0,699.0,549.0,833.0,4108.0,4616.0
2022-11-07,408.0,129.0,303.0,250.0,364.0,2124.0,2664.0
2022-11-08,841.0,279.0,584.0,476.0,752.0,4356.0,4748.0
2022-11-09,579.0,196.0,412.0,348.0,546.0,2756.0,3596.0
2022-11-10,731.0,257.0,549.0,370.0,741.0,3696.0,4536.0
2022-11-11,612.0,182.0,418.0,310.0,598.0,2884.0,3204.0
2022-11-12,789.0,301.0,589.0,459.0,699.0,3684.0,4648.0
2022-11-13,662.0,203.0,479.0,369.0,608.0,3440.0,3852.0
2022-11-14,599.0,209.0,443.0,373.0,559.0,2968.0,3556.0
2022-11-15,401.0,121.0,279.0,250.0,411.0,2296.0,2808.0
2022-11-16,701.0,231.0,485.0,398.0,648.0,3284.0,4120.0
2022-11-17,577.0,225.0,424.0,322.0,530.0,2792.0,3556.0
2022-11-18,674.0,231.0,514.0,371.0,541.0,2880.0,3628.0
2022-11-19,765.0,256.0,531.0,364.0,666.0,3456.0,4180.0
2022-11-20,1000.0,328.0,639.0,502.0,812.0,4352.0,5264.0
2022-11-21,843.0,283.0,604.0,498.0,768.0,4296.0,5216.0
2022-11-22,1043.0,344.0,763.0,579.0,886.0,4696.0,5736.0
2022-11-23,410.0,128.0,319.0,239.0,385.0,2268.0,2512.0
2022-11-24,487.0,144.0,324.0,256.0,438.0,2512.0,3136.0
2022-11-25,780.0,259.0,570.0,428.0,652.0,3680.0,4428.0
2022-11-26,691.0,215.0,520.0,387.0,673.0,3144.0,4176.0
2022-11-27,521.0,192.0,406.0,301.0,571.0,2672.0,3364.0
2022-11-28,475.0,167.0,322.0,242.0,445.0,2448.0,2600.0
2022-11-29,671.0,247.0,511.0,397.0,619.0,3856.0,4128.0
2022-11-30,520.0,154.0,379.0,327.0,501.0,3044.0,3568.0
2022-12-01,671.0,230.0,502.0,408.0,659.0,3524.0,4084.0
2022-12-02,650.0,222.0,471.0,345.0,587.0,3316.0,3876.0
2022-12-03,708.0,202.0,536.0,398.0,624.0,3316.0,4308.0
2022-12-04,649.0,206.0,445.0,353.0,588.0,3236.0,3552.0
2022-12-05,740.0,222.0,516.0,435.0,791.0,3932.0,4180.0
2022-12-06,570.0,160.0,434.0,271.0,463.0,2636.0,3040.0
2022-12-07,434.0,176.0,318.0,292.0,503.0,2736.0,3496.0
2022-12-08,678.0,226.0,535.0,370.0,687.0,3196.0,4152.0
2022-12-09,709.0,292.0,544.0,456.0,690.0,3572.0,4276.0
2022-12-10,712.0,230.0,525.0,354.0,583.0,3428.0,3960.0
2022-12-11,465.0,141.0,336.0,275.0,489.0,2304.0,2996.0
2022-12-12,680.0,244.0,515.0,340.0,563.0,2988.0,3512.0
2022-12-13,495.0,160.0,365.0,291.0,444.0,2408.0,2768.0
2022-12-14,489.0,187.0,376.0,229.0,426.0,2508.0,2908.0
2022-12-15,886.0,326.0,652.0,514.0,802.0,4300.0,5264.0
2022-12-16,591.0,189.0,421.0,311.0,564.0,3104.0,3676.0
2022-12-17,848.0,272.0,626.0,476.0,795.0,4260.0,4924.0
2022-12-18,489.0,206.0,372.0,282.0,479.0,2400.0,2876.0
2022-12-19,447.0,171.0,324.0,253.0,488.0,2488.0,3064.0
2022-12-20,631.0,207.0,464.0,321.0,565.0,3076.0,3448.0
2022-12-21,533.0,196.0,376.0,319.0,546.0,2928.0,3100.0
2022-12-22,704.0,244.0,531.0,387.0,647.0,3596.0,4048.0
2022-12-23,447.0,144.0,318.0,259.0,485.0,2452.0,3144.0
2022-12-24,727.0,260.0,544.0,414.0,650.0,3132.0,3828.0
2022-12-25,767.0,247.0,569.0,422.0,703.0,3864.0,4716.0
2022-12-26,570.0,201.0,403.0,346.0,568.0,3092.0,3392.0
2022-12-27,613.0,193.0,441.0,367.0,597.0,2948.0,3572.0
2022-12-28,695.0,231.0,505.0,379.0,583.0,3144.0,3768.0
2022-12-29,385.0,142.0,278.0,200.0,383.0,1992.0,2328.0
2022-12-30,891.0,271.0,612.0,504.0,872.0,4688.0,5160.0
2022-12-31,459.0,171.0,340.0,294.0,465.0,2880.0,3584.0
2023-01-01,738.0,231.0,516.0,401.0,622.0,3444.0,4048.0
2023-01-02,530.0,188.0,385.0,324.0,512.0,3132.0,3844.0
2023-01-03,609.0,211.0,457.0,336.0,544.0,3020.0,3900.0
2023-01-04,858.0,241.0,590.0,405.0,652.0,3872.0,4376.0
2023-01-05,616.0,225.0,464.0,408.0,589.0,3204.0,3992.0
2023-01-06,759.0,268.0,549.0,395.0,650.0,3384.0,4204.0
2023-01-07,788.0,244.0,576.0,434.0,688.0,3860.0,4684.0
2023-01-08,740.0,259.0,557.0,399.0,642.0,3544.0,4484.0
2023-01-09,526.0,181.0,376.0,300.0,521.0,2640.0,3396.0
2023-01-10,749.0,247.0,514.0,401.0,619.0,3248.0,3708.0
2023-01-11,556.0,164.0,409.0,313.0,498.0,2576.0,3120.0
2023-01-12,739.0,243.0,515.0,384.0,629.0,3348.0,3740.0
2023-01-13,577.0,230.0,420.0,269.0,475.0,2588.0,3116.0
2023-01-14,438.0,182.0,336.0,267.0,436.0,2012.0,2400.0
2023-01-15,652.0,188.0,484.0,365.0,618.0,3340.0,4260.0
2023-01-16,833.0,282.0,602.0,473.0,795.0,3956.0,4888.0
2023-01-17,442.0,161.0,317.0,290.0,467.0,2404.0,2856.0
2023-01-18,676.0,223.0,494.0,386.0,620.0,3216.0,4276.0
2023-01-19,541.0,213.0,389.0,275.0,518.0,2748.0,3236.0
2023-01-20,617.0,181.0,430.0,298.0,509.0,2776.0,3564.0
2023-01-21,529.0,173.0,386.0,306.0,532.0,2580.0,3076.0
2023-01-22,479.0,179.0,342.0,295.0,514.0,2448.0,3148.0
2023-01-23,790.0,275.0,573.0,472.0,724.0,3536.0,4432.0
2023-01-24,646.0,206.0,443.0,367.0,545.0,3368.0,3832.0
2023-01-25,557.0,167.0,410.0,320.0,524.0,2800.0,3276.0
2023-01-26,832.0,264.0,626.0,456.0,738.0,3600.0,4364.0
2023-01-27,665.0,218.0,443.0,326.0,531.0,2944.0,3404.0
2023-01-28,368.0,133.0,270.0,248.0,383.0,2148.0,2472.0
2023-01-29,663.0,224.0,459.0,349.0,471.0,2760.0,3532.0
2023-01-30,931.0,330.0,699.0,536.0,787.0,4380.0,5728.0
2023-01-31,437.0,125.0,305.0,237.0,413.0,2132.0,2416.0
2023-02-01,584.0,212.0,434.0,340.0,575.0,2792.0,3376.0
2023-02-02,477.0,179.0,334.0,258.0,495.0,2584.0,2992.0
2023-02-03,574.0,178.0,395.0,282.0,477.0,2596.0,2948.0
2023-02-04,774.0,224.0,579.0,422.0,638.0,3552.0,4756.0
2023-02-05,688.0,224.0,508.0,392.0,591.0,3288.0,3720.0
2023-02-06,780.0,271.0,604.0,440.0,684.0,3688.0,4580.0
2023-02-07,580.0,184.0,372.0,338.0,567.0,2836.0,3124.0
2023-02-08,514.0,162.0,366.0,309.0,503.0,2688.0,3068.0
2023-02-09,714.0,241.0,539.0,378.0,618.0,3340.0,4224.0
2023-02-10,612.0,193.0,443.0,348.0,600.0,3260.0,3724.0
2023-02-11,801.0,277.0,609.0,423.0,723.0,3540.0,4400.0
2023-02-12,915.0,323.0,659.0,591.0,840.0,4340.0,5068.0
2023-02-13,574.0,202.0,436.0,356.0,512.0,3088.0,3612.0
2023-02-14,993.0,322.0,712.0,561.0,902.0,4404.0,5544.0
2023-02-15,697.0,205.0,502.0,412.0,644.0,3332.0,3832.0
2023-02-16,667.0,237.0,436.0,373.0,645.0,3356.0,4568.0
2023-02-17,787.0,262.0,598.0,469.0,805.0,4008.0,5424.0
2023-02-18,343.0,119.0,248.0,246.0,409.0,1968.0,2400.0
2023-02-19,719.0,225.0,553.0,425.0,749.0,3736.0,4428.0
2023-02-20,644.0,219.0,479.0,366.0,586.0,3044.0,3832.0
2023-02-21,516.0,160.0,352.0,276.0,451.0,2548.0,3048.0
2023-02-22,505.0,188.0,356.0,287.0,474.0,2456.0,2884.0
2023-02-23,613.0,191.0,449.0,415.0,653.0,3256.0,4032.0
2023-02-24,526.0,174.0,375.0,261.0,503.0,2632.0,3232.0
2023-02-25,485.0,162.0,353.0,273.0,486.0,2456.0,3132.0
2023-02-26,629.0,208.0,439.0,330.0,557.0,3152.0,3680.0
2023-02-27,551.0,209.0,396.0,296.0,509.0,2756.0,3056.0
2023-02-28,544.0,200.0,423.0,356.0,545.0,2812.0,3348.0
2023-03-01,667.0,213.0,483.0,339.0,609.0,2840.0,3364.0
2023-03-02,685.0,218.0,488.0,344.0,563.0,3168.0,3484.0
2023-03-03,561.0,186.0,374.0,306.0,553.0,2800.0,3476.0
2023-03-04,856.0,313.0,660.0,511.0,807.0,4320.0,5548.0
2023-03-05,785.0,230.0,583.0,475.0,608.0,3336.0,3904.0
2023-03-06,472.0,160.0,339.0,270.0,456.0,2680.0,3088.0
2023-03-07,436.0,137.0,321.0,223.0,386.0,2096.0,2424.0
2023-03-08,700.0,245.0,528.0,399.0,660.0,3676.0,4520.0
2023-03-09,586.0,194.0,455.0,347.0,543.0,3124.0,3736.0
2023-03-10,562.0,196.0,421.0,308.0,521.0,3128.0,3684.0
2023-03-11,719.0,235.0,523.0,400.0,669.0,3268.0,4316.0
2023-03-12,407.0,138.0,294.0,256.0,409.0,2292.0,2836.0
2023-03-13,499.0,185.0,361.0,294.0,535.0,3056.0,3884.0
2023-03-14,733.0,256.0,534.0,390.0,610.0,3232.0,3680.0
2023-03-15,728.0,229.0,529.0,380.0,656.0,3480.0,3976.0
2023-03-16,353.0,147.0,260.0,224.0,406.0,1988.0,2364.0
2023-03-17,738.0,266.0,507.0,458.0,679.0,3660.0,4236.0
2023-03-18,645.0,169.0,480.0,384.0,625.0,3036.0,3792.0
2023-03-19,734.0,238.0,544.0,436.0,650.0,3420.0,4096.0
2023-03-20,469.0,150.0,339.0,277.0,448.0,2104.0,2656.0
2023-03-21,815.0,267.0,593.0,480.0,807.0,4096.0,4808.0
2023-03-22,749.0,232.0,504.0,421.0,699.0,3412.0,3816.0
2023-03-23,691.0,232.0,500.0,369.0,646.0,3156.0,3916.0
2023-03-24,655.0,215.0,482.0,392.0,681.0,3336.0,3804.0
2023-03-25,779.0,266.0,598.0,450.0,631.0,3688.0,4500.0
2023-03-26,813.0,264.0,621.0,442.0,756.0,4072.0,5092.0
2023-03-27,631.0,209.0,441.0,304.0,586.0,3184.0,3552.0
2023-03-28,536.0,185.0,398.0,303.0,477.0,2620.0,2864.0
2023-03-29,558.0,172.0,398.0,283.0,441.0,2348.0,3016.0
2023-03-30,584.0,175.0,422.0,332.0,564.0,2872.0,3800.0
2023-03-31,360.0,93.0,265.0,218.0,368.0,1940.0,2284.0
2023-04-01,223.0,63.0,168.0,166.0,300.0,2032.0,2428.0
2023-04-02,399.0,103.0,293.0,266.0,481.0,2928.0,3248.0
2023-04-03,260.0,101.0,202.0,218.0,383.0,2052.0,2572.0
2023-04-04,496.0,159.0,353.0,279.0,589.0,3292.0,3964.0
2023-04-05,385.0,96.0,270.0,216.0,442.0,2392.0,2900.0
2023-04-06,412.0,128.0,306.0,228.0,454.0,2328.0,3232.0
2023-04-07,370.0,122.0,283.0,298.0,471.0,2588.0,3136.0
2023-04-08,471.0,133.0,354.0,260.0,520.0,2492.0,3496.0
2023-04-09,543.0,187.0,426.0,355.0,604.0,3456.0,4128.0
2023-04-10,441.0,109.0,322.0,241.0,430.0,2572.0,3160.0
2023-04-11,352.0,110.0,228.0,212.0,398.0,2232.0,2968.0
2023-04-12,328.0,86.0,228.0,203.0,377.0,2020.0,2416.0
2023-04-13,400.0,106.0,286.0,266.0,445.0,2496.0,3428.0
2023-04-14,464.0,132.0,347.0,311.0,604.0,3212.0,3844.0
2023-04-15,272.0,85.0,214.0,197.0,380.0,2008.0,2512.0
2023-04-16,348.0,100.0,248.0,221.0,448.0,2168.0,2672.0
2023-04-17,349.0,105.0,268.0,194.0,412.0,2304.0,2624.0
2023-04-18,346.0,95.0,259.0,218.0,390.0,2400.0,2924.0
2023-04-19,310.0,99.0,239.0,214.0,357.0,1960.0,2448.0
2023-04-20,243.0,68.0,186.0,154.0,272.0,1616.0,2104.0
2023-04-21,475.0,123.0,370.0,318.0,483.0,2700.0,3420.0
2023-04-22,406.0,131.0,305.0,293.0,551.0,2988.0,3596.0
2023-04-23,419.0,128.0,298.0,244.0,456.0,2684.0,3276.0
2023-04-24,286.0,102.0,194.0,184.0,387.0,2012.0,2704.0
2023-04-25,342.0,108.0,248.0,236.0,443.0,2456.0,2956.0
2023-04-26,334.0,93.0,257.0,225.0,434.0,2424.0,2784.0
2023-04-27,416.0,112.0,301.0,279.0,509.0,2816.0,3416.0
2023-04-28,426.0,124.0,315.0,246.0,464.0,2816.0,3140.0
2023-04-29,264.0,99.0,210.0,172.0,324.0,1888.0,2148.0
2023-04-30,373.0,103.0,285.0,232.0,490.0,2488.0,3076.0
2023-05-01,338.0,111.0,250.0,213.0,386.0,2228.0,2912.0
2023-05-02,456.0,149.0,344.0,273.0,537.0,2856.0,3428.0
2023-05-03,332.0,114.0,235.0,225.0,412.0,2452.0,2760.0
2023-05-04,345.0,94.0,265.0,242.0,412.0,2264.0,2912.0
2023-05-05,335.0,101.0,236.0,216.0,405.0,2316.0,2820.0
2023-05-06,382.0,136.0,289.0,241.0,473.0,2592.0,3416.0
2023-05-07,233.0,78.0,165.0,172.0,332.0,1816.0,2440.0
2023-05-08,366.0,93.0,285.0,223.0,410.0,2180.0,2748.0
2023-05-09,388.0,152.0,286.0,265.0,441.0,2568.0,3100.0
2023-05-10,398.0,125.0,294.0,258.0,528.0,2788.0,3400.0
2023-05-11,349.0,110.0,250.0,208.0,408.0,2352.0,2728.0
2023-05-12,440.0,118.0,335.0,266.0,524.0,2728.0,3928.0
2023-05-13,403.0,122.0,316.0,227.0,461.0,2540.0,3296.0
2023-05-14,237.0,84.0,156.0,165.0,289.0,1516.0,1772.0
2023-05-15,349.0,87.0,234.0,210.0,388.0,2168.0,2532.0
2023-05-16,374.0,109.0,285.0,237.0,416.0,2428.0,3064.0
2023-05-17,330.0,99.0,220.0,230.0,378.0,2184.0,2580.0
2023-05-18,307.0,78.0,219.0,216.0,390.0,2128.0,2564.0
2023-05-19,373.0,112.0,257.0,208.0,413.0,2084.0,2728.0
2023-05-20,415.0,126.0,323.0,253.0,450.0,2548.0,3132.0
2023-05-21,362.0,112.0,275.0,220.0,421.0,2600.0,3124.0
2023-05-22,293.0,70.0,203.0,183.0,324.0,1888.0,2240.0
2023-05-23,226.0,68.0,161.0,153.0,256.0,1380.0,2196.0
2023-05-24,326.0,65.0,232.0,195.0,382.0,2172.0,2616.0
2023-05-25,283.0,81.0,218.0,199.0,353.0,2040.0,2436.0
2023-05-26,292.0,75.0,194.0,196.0,383.0,2052.0,2680.0
2023-05-27,271.0,82.0,186.0,199.0,320.0,1668.0,2588.0
2023-05-28,364.0,119.0,268.0,224.0,388.0,2024.0,2488.0
2023-05-29,230.0,70.0,146.0,161.0,277.0,1492.0,1852.0
2023-05-30,209.0,68.0,155.0,172.0,274.0,1528.0,2000.0
2023-05-31,358.0,108.0,282.0,250.0,364.0,2292.0,3012.0
2023-06-01,301.0,68.0,214.0,178.0,360.0,1916.0,2540.0
2023-06-02,310.0,92.0,240.0,188.0,357.0,2268.0,2808.0
2023-06-03,304.0,81.0,191.0,192.0,371.0,2200.0,2504.0
2023-06-04,331.0,74.0,243.0,182.0,325.0,1960.0,2496.0
2023-06-05,295.0,89.0,214.0,175.0,297.0,1732.0,2564.0
2023-06-06,380.0,118.0,292.0,243.0,417.0,2348.0,3108.0
2023-06-07,365.0,109.0,260.0,240.0,421.0,2504.0,2732.0
2023-06-08,218.0,73.0,164.0,175.0,292.0,1668.0,2024.0
2023-06-09,348.0,111.0,257.0,191.0,423.0,2512.0,2836.0
2023-06-10,200.0,70.0,149.0,141.0,291.0,1576.0,2008.0
2023-06-11,418.0,126.0,333.0,263.0,463.0,2656.0,3360.0
2023-06-12,209.0,50.0,144.0,101.0,271.0,1500.0,1744.0
2023-06-13,298.0,75.0,216.0,191.0,418.0,2112.0,2740.0
2023-06-14,445.0,130.0,331.0,236.0,394.0,2424.0,3324.0
2023-06-15,278.0,82.0,194.0,194.0,362.0,2008.0,2500.0
2023-06-16,310.0,85.0,214.0,183.0,348.0,2260.0,2728.0
2023-06-17,261.0,105.0,190.0,188.0,288.0,1976.0,2356.0
2023-06-18,317.0,96.0,224.0,176.0,366.0,2100.0,2728.0
2023-06-19,263.0,71.0,197.0,174.0,277.0,1500.0,1840.0
2023-06-20,226.0,81.0,150.0,157.0,292.0,1832.0,1992.0
2023-06-21,654.0,194.0,488.0,369.0,639.0,3512.0,4492.0
2023-06-22,455.0,142.0,340.0,297.0,532.0,3000.0,3988.0
2023-06-23,213.0,71.0,157.0,152.0,243.0,1680.0,1764.0
2023-06-24,269.0,97.0,195.0,223.0,395.0,1916.0,2648.0
2023-06-25,335.0,103.0,256.0,249.0,489.0,2832.0,3232.0
2023-06-26,265.0,64.0,187.0,159.0,317.0,1992.0,2160.0
2023-06-27,454.0,140.0,354.0,276.0,488.0,2620.0,3656.0
2023-06-28,253.0,57.0,174.0,144.0,284.0,1628.0,2112.0
2023-06-29,341.0,125.0,262.0,230.0,434.0,2388.0,2936.0
2023-06-30,274.0,101.0,196.0,156.0,309.0,1884.0,2220.0
2023-07-01,223.0,79.0,164.0,147.0,325.0,1612.0,2112.0
2023-07-02,203.0,77.0,145.0,152.0,311.0,1736.0,2232.0
2023-07-03,286.0,69.0,219.0,150.0,295.0,1584.0,1944.0
2023-07-04,272.0,106.0,198.0,198.0,304.0,1608.0,2240.0
2023-07-05,264.0,89.0,201.0,134.0,296.0,1816.0,2116.0
2023-07-06,283.0,86.0,200.0,208.0,326.0,1912.0,2192.0
2023-07-07,432.0,138.0,338.0,245.0,484.0,2424.0,3340.0
2023-07-08,386.0,120.0,286.0,247.0,470.0,2884.0,3628.0
2023-07-09,282.0,87.0,200.0,207.0,381.0,2172.0,2696.0
2023-07-10,489.0,134.0,354.0,299.0,605.0,3152.0,4292.0
2023-07-11,353.0,86.0,257.0,235.0,465.0,2628.0,3428.0
2023-07-12,392.0,134.0,309.0,257.0,456.0,2712.0,3500.0
2023-07-13,304.0,113.0,206.0,191.0,343.0,2176.0,2676.0
2023-07-14,477.0,156.0,361.0,311.0,547.0,3148.0,3908.0
2023-07-15,276.0,83.0,206.0,227.0,376.0,2156.0,2600.0
2023-07-16,359.0,83.0,257.0,223.0,407.0,2360.0,3164.0
2023-07-17,317.0,85.0,213.0,201.0,404.0,2132.0,2624.0
2023-07-18,524.0,169.0,387.0,314.0,577.0,3360.0,4028.0
2023-07-19,274.0,89.0,199.0,198.0,359.0,1852.0,2368.0
2023-07-20,269.0,80.0,188.0,166.0,340.0,1896.0,2276.0
2023-07-21,332.0,111.0,248.0,217.0,408.0,2368.0,3064.0
2023-07-22,406.0,130.0,308.0,278.0,524.0,2920.0,3588.0
2023-07-23,300.0,108.0,217.0,165.0,347.0,2060.0,2520.0
2023-07-24,283.0,87.0,207.0,219.0,406.0,2024.0,2556.0
2023-07-25,212.0,60.0,155.0,148.0,306.0,1404.0,1992.0
2023-07-26,479.0,142.0,351.0,252.0,453.0,2936.0,3532.0
2023-07-27,251.0,88.0,185.0,135.0,304.0,1628.0,1904.0
2023-07-28,309.0,76.0,227.0,173.0,372.0,2056.0,2520.0
2023-07-29,335.0,80.0,241.0,200.0,356.0,2196.0,2668.0
2023-07-30,423.0,113.0,303.0,297.0,509.0,2940.0,3560.0
2023-07-31,328.0,110.0,248.0,240.0,413.0,2356.0,3056.0
2023-08-01,452.0,148.0,349.0,327.0,570.0,3312.0,4376.0
2023-08-02,304.0,103.0,214.0,184.0,344.0,1804.0,2352.0
2023-08-03,358.0,84.0,229.0,231.0,453.0,2744.0,3308.0
2023-08-04,331.0,130.0,253.0,194.0,442.0,2296.0,2784.0
2023-08-05,293.0,95.0,212.0,167.0,375.0,2196.0,2644.0
2023-08-06,436.0,157.0,320.0,312.0,580.0,3184.0,3580.0
2023-08-07,280.0,96.0,190.0,189.0,397.0,2164.0,2552.0
2023-08-08,545.0,185.0,415.0,397.0,702.0,3820.0,4656.0
2023-08-09,224.0,73.0,168.0,179.0,278.0,1772.0,2264.0
2023-08-10,299.0,90.0,228.0,183.0,352.0,1896.0,2384.0
2023-08-11,337.0,103.0,247.0,227.0,386.0,2440.0,2952.0
2023-08-12,321.0,102.0,229.0,229.0,412.0,2304.0,2848.0
2023-08-13,327.0,99.0,217.0,221.0,406.0,2132.0,2772.0
2023-08-14,346.0,105.0,252.0,225.0,415.0,2360.0,2704.0
2023-08-15,446.0,132.0,342.0,290.0,546.0,3032.0,4044.0
2023-08-16,297.0,88.0,224.0,171.0,344.0,1896.0,2328.0
2023-08-17,322.0,106.0,249.0,186.0,417.0,2248.0,2936.0
2023-08-18,290.0,107.0,207.0,190.0,302.0,1740.0,2200.0
2023-08-19,391.0,118.0,302.0,257.0,460.0,2616.0,3212.0
2023-08-20,305.0,74.0,218.0,192.0,354.0,1908.0,2244.0
2023-08-21,532.0,185.0,385.0,319.0,656.0,3704.0,4468.0
2023-08-22,318.0,93.0,226.0,188.0,373.0,2304.0,3016.0
2023-08-23,373.0,99.0,272.0,227.0,430.0,2576.0,3316.0
2023-08-24,379.0,125.0,289.0,225.0,472.0,2404.0,3004.0
2023-08-25,316.0,93.0,224.0,184.0,365.0,2180.0,2840.0
2023-08-26,267.0,93.0,199.0,154.0,310.0,1744.0,2296.0
2023-08-27,289.0,93.0,213.0,190.0,279.0,1816.0,2224.0
2023-08-28,352.0,118.0,276.0,195.0,380.0,2068.0,2876.0
2023-08-29,379.0,114.0,280.0,233.0,483.0,2660.0,3292.0
2023-08-30,202.0,58.0,146.0,135.0,265.0,1612.0,2104.0
2023-08-31,317.0,80.0,237.0,194.0,338.0,1960.0,2392.0
2023-09-01,447.0,139.0,344.0,296.0,539.0,2848.0,3604.0
2023-09-02,369.0,126.0,287.0,235.0,440.0,2496.0,2852.0
2023-09-03,286.0,92.0,218.0,182.0,386.0,2376.0,2956.0
2023-09-04,484.0,180.0,375.0,325.0,542.0,3004.0,3904.0
2023-09-05,263.0,77.0,172.0,162.0,322.0,1780.0,2124.0
2023-09-06,312.0,96.0,228.0,240.0,402.0,2340.0,2752.0
2023-09-07,395.0,122.0,289.0,255.0,486.0,2812.0,3540.0
2023-09-08,349.0,115.0,267.0,203.0,398.0,2340.0,2808.0
2023-09-09,402.0,150.0,318.0,263.0,498.0,2844.0,3676.0
2023-09-10,310.0,95.0,227.0,196.0,331.0,1916.0,2392.0
2023-09-11,378.0,135.0,282.0,208.0,397.0,2232.0,2584.0
2023-09-12,482.0,149.0,348.0,300.0,520.0,2916.0,3620.0
2023-09-13,266.0,85.0,178.0,148.0,302.0,1784.0,2172.0
2023-09-14,241.0,84.0,173.0,136.0,318.0,1724.0,2064.0
2023-09-15,273.0,93.0,198.0,177.0,329.0,1548.0,2016.0
2023-09-16,353.0,92.0,273.0,183.0,375.0,2188.0,2596.0
2023-09-17,176.0,66.0,121.0,128.0,217.0,1424.0,1804.0
2023-09-18,412.0,110.0,287.0,245.0,377.0,2312.0,2776.0
2023-09-19,335.0,103.0,241.0,178.0,378.0,2212.0,2864.0
2023-09-20,289.0,102.0,220.0,227.0,372.0,2248.0,2580.0
2023-09-21,315.0,108.0,253.0,192.0,378.0,2252.0,2452.0
2023-09-22,513.0,132.0,375.0,285.0,625.0,3396.0,4404.0
2023-09-23,289.0,74.0,196.0,173.0,343.0,1808.0,2224.0
2023-09-24,264.0,85.0,204.0,173.0,312.0,1628.0,2248.0
2023-09-25,225.0,62.0,145.0,150.0,271.0,1612.0,1988.0
2023-09-26,324.0,79.0,223.0,171.0,338.0,2104.0,2664.0
2023-09-27,237.0,77.0,173.0,165.0,296.0,1892.0,1996.0
2023-09-28,228.0,68.0,156.0,142.0,267.0,1648.0,2088.0
2023-09-29,354.0,112.0,246.0,233.0,377.0,2212.0,2968.0
2023-09-30,286.0,84.0,208.0,216.0,316.0,1988.0,2060.0
2023-10-01,334.0,115.0,250.0,227.0,445.0,2508.0,3372.0
2023-10-02,310.0,91.0,211.0,223.0,378.0,1984.0,2492.0
2023-10-03,269.0,90.0,209.0,199.0,374.0,2100.0,2672.0
2023-10-04,382.0,128.0,298.0,246.0,487.0,2464.0,3180.0
2023-10-05,310.0,63.0,222.0,182.0,331.0,1688.0,2188.0
2023-10-06,353.0,104.0,260.0,212.0,405.0,2492.0,3032.0
2023-10-07,242.0,54.0,155.0,163.0,308.0,1748.0,2100.0
2023-10-08,316.0,102.0,242.0,192.0,365.0,2152.0,2784.0
2023-10-09,363.0,104.0,262.0,277.0,466.0,2572.0,3520.0
2023-10-10,401.0,123.0,304.0,235.0,444.0,2632.0,3108.0
2023-10-11,407.0,127.0,320.0,269.0,486.0,3032.0,3768.0
2023-10-12,206.0,57.0,143.0,132.0,250.0,1572.0,1840.0
2023-10-13,195.0,78.0,151.0,168.0,277.0,1636.0,1772.0
2023-10-14,242.0,71.0,179.0,172.0,299.0,1704.0,2224.0
2023-10-15,262.0,57.0,181.0,157.0,303.0,1700.0,2248.0
2023-10-16,338.0,109.0,258.0,245.0,413.0,2364.0,3052.0
2023-10-17,300.0,101.0,217.0,180.0,360.0,2008.0,2584.0
2023-10-18,289.0,85.0,204.0,206.0,377.0,2040.0,2752.0
2023-10-19,190.0,66.0,139.0,116.0,227.0,1344.0,1616.0
2023-10-20,378.0,109.0,281.0,227.0,440.0,2404.0,2800.0
2023-10-21,222.0,69.0,144.0,175.0,304.0,1624.0,2100.0
2023-10-22,222.0,76.0,152.0,141.0,263.0,1616.0,2144.0
2023-10-23,417.0,119.0,302.0,248.0,477.0,2508.0,3288.0
2023-10-24,482.0,182.0,365.0,339.0,558.0,2924.0,4008.0
2023-10-25,351.0,107.0,266.0,237.0,422.0,2328.0,3120.0
2023-10-26,357.0,95.0,283.0,225.0,425.0,2496.0,2980.0
2023-10-27,421.0,137.0,333.0,271.0,568.0,3048.0,4228.0
2023-10-28,434.0,133.0,324.0,268.0,547.0,2576.0,3476.0
2023-10-29,256.0,77.0,174.0,176.0,328.0,1744.0,2032.0
2023-10-30,381.0,117.0,305.0,221.0,409.0,2192.0,2880.0
2023-10-31,293.0,71.0,208.0,168.0,336.0,1864.0,2168.0
2023-11-01,211.0,48.0,141.0,147.0,286.0,1496.0,2004.0
2023-11-02,318.0,81.0,219.0,178.0,300.0,1776.0,2272.0
2023-11-03,306.0,99.0,222.0,195.0,312.0,2004.0,2380.0
2023-11-04,264.0,98.0,195.0,205.0,382.0,2120.0,2772.0
2023-11-05,237.0,66.0,163.0,156.0,295.0,1632.0,1996.0
2023-11-06,338.0,110.0,252.0,182.0,402.0,2136.0,2728.0
2023-11-07,346.0,101.0,254.0,214.0,371.0,2168.0,2652.0
2023-11-08,314.0,100.0,230.0,234.0,386.0,2408.0,3140.0
2023-11-09,290.0,102.0,204.0,202.0,358.0,1996.0,2468.0
2023-11-10,358.0,97.0,247.0,253.0,402.0,2332.0,3088.0
2023-11-11,404.0,130.0,291.0,268.0,486.0,2596.0,3228.0
